Dr. Judith E. Kniffin	https://www.ratemds.com/doctor-ratings/1043389/Dr-Judith+E.-Kniffin-Aurora-IL.html/
Dr. Lawrence L. Jeckel	https://www.ratemds.com/doctor-ratings/1043446/Dr-Lawrence+L.-Jeckel-Champaign-IL.html/
Dr. Phyllis Amabile	https://www.ratemds.com/doctor-ratings/1043466/Dr-Phyllis-Amabile-Chicago-IL.html/
Dr. Mark Amdur	https://www.ratemds.com/doctor-ratings/1043467/Dr-Mark-Amdur-Chicago-IL.html/
Dr. Marta Banegas	https://www.ratemds.com/doctor-ratings/1043480/Dr-Marta-Banegas-CHICAGO-IL.html/
Dr. S. ALEXANDER Berendi	https://www.ratemds.com/doctor-ratings/1043489/Dr-S.+ALEXANDER-Berendi-Chicago-IL.html/
Dr. JOSEPH A. Bongiorno	https://www.ratemds.com/doctor-ratings/1043496/Dr-JOSEPH+A.-Bongiorno-Chicago-IL.html/
Dr. Karen M. Breen	https://www.ratemds.com/doctor-ratings/1043497/Dr-Karen+M.-Breen-Chicago-IL.html/
Dr. Lydia A. Breen	https://www.ratemds.com/doctor-ratings/1043498/Dr-Lydia+A.-Breen-Chicago-IL.html/
Dr. Fabian Carbonell	https://www.ratemds.com/doctor-ratings/1043509/Dr-Fabian-Carbonell-Chicago-IL.html/
Dr. Robert Channon	https://www.ratemds.com/doctor-ratings/1043513/Dr-Robert-Channon-CHICAGO-IL.html/
Dr. William M. Clark	https://www.ratemds.com/doctor-ratings/1043519/Dr-William+M.-Clark-Chicago-IL.html/
Dr. Ovidio A. De Leon	https://www.ratemds.com/doctor-ratings/1043534/Dr-Ovidio+A.-De+Leon-Chicago-IL.html/
Dr. Frank J. Demma	https://www.ratemds.com/doctor-ratings/1043537/Dr-Frank+J.-Demma-Chicago-IL.html/
Dr. Michael Denson	https://www.ratemds.com/doctor-ratings/1043539/Dr-Michael-Denson-Chicago-IL.html/
Dr. Rama Embar	https://www.ratemds.com/doctor-ratings/1043553/Dr-Rama-Embar-Chicago-IL.html/
Dr. MARTIN Fine	https://www.ratemds.com/doctor-ratings/1043563/Dr-MARTIN-Fine-Chicago-IL.html/
Dr. Maria E. Fisfalen	https://www.ratemds.com/doctor-ratings/1043566/Dr-Maria+E.-Fisfalen-Chicago-IL.html/
Dr. Susan M. Fisher	https://www.ratemds.com/doctor-ratings/1043567/Dr-Susan+M.-Fisher-CHICAGO-IL.html/
Dr. Peter F. Fore	https://www.ratemds.com/doctor-ratings/1043571/Dr-Peter+F.-Fore-Chicago-IL.html/
Dr. Leslie Gable	https://www.ratemds.com/doctor-ratings/1043577/Dr-Leslie-Gable-Chicago-IL.html/
Dr. BENJAMIN Garber	https://www.ratemds.com/doctor-ratings/1043582/Dr-BENJAMIN-Garber-Chicago-IL.html/
Dr. John P. Gerber	https://www.ratemds.com/doctor-ratings/1043586/Dr-John+P.-Gerber-CHICAGO-IL.html/
Dr. John V. Gillilan	https://www.ratemds.com/doctor-ratings/1043592/Dr-John+V.-Gillilan-Chicago-IL.html/
Dr. RICHARD M. Glass	https://www.ratemds.com/doctor-ratings/1043595/Dr-RICHARD+M.-Glass-Chicago-IL.html/
Dr. Anil Godbole	https://www.ratemds.com/doctor-ratings/1043597/Dr-Anil-Godbole-Chicago-IL.html/
Dr. Thomas Jobe	https://www.ratemds.com/doctor-ratings/1043613/Dr-Thomas-Jobe-Chicago-IL.html/
Dr. Laura C. Kordon	https://www.ratemds.com/doctor-ratings/1043639/Dr-Laura+C.-Kordon-Chicago-IL.html/
Dr. Andrew S. Kulik	https://www.ratemds.com/doctor-ratings/1043648/Dr-Andrew+S.-Kulik-Orland+Park-IL.html/
Dr. Mary E. Langley	https://www.ratemds.com/doctor-ratings/1043650/Dr-Mary+E.-Langley-Chicago-IL.html/
Dr. Jonathan D. Lewis	https://www.ratemds.com/doctor-ratings/1043662/Dr-Jonathan+D.-Lewis-CHICAGO-IL.html/
Dr. Stuart Mandelbaum	https://www.ratemds.com/doctor-ratings/1043677/Dr-Stuart-Mandelbaum-MANITOWOC-WI.html/
Dr. Eula E. Powers	https://www.ratemds.com/doctor-ratings/1043710/Dr-Eula+E.-Powers-CHICAGO-IL.html/
Dr. Carole Ann Rosanova	https://www.ratemds.com/doctor-ratings/1043839/Dr-Carole+Ann-Rosanova-Elgin-IL.html/
Dr. RICHARD L. Grant	https://www.ratemds.com/doctor-ratings/1043970/Dr-RICHARD+L.-Grant-PEORIA-IL.html/
Dr. Suresh Kumar Sarma	https://www.ratemds.com/doctor-ratings/1044020/Dr-Suresh+Kumar-Sarma-Springfield-IL.html/
Dr. John Rogers	https://www.ratemds.com/doctor-ratings/1044044/Dr-John-Rogers-Wheaton-IL.html/
Dr. Susan H. Clark	https://www.ratemds.com/doctor-ratings/117719/Dr-Susan+H.-Clark-CHICAGO-IL.html/
Dr. RICHARD K. Baer	https://www.ratemds.com/doctor-ratings/1211002/Dr-RICHARD+K.-Baer-Chicago-IL.html/
Michael P Maniacci	https://www.ratemds.com/doctor-ratings/121825/Dr-Michael+P-Maniacci-CHICAGO-IL.html/
Harold H Mosak	https://www.ratemds.com/doctor-ratings/121826/Dr-Harold+H-Mosak-Chicago-IL.html/
Dr. Alyse Eytan	https://www.ratemds.com/doctor-ratings/122677/Dr-Alyse-Eytan-Chicago-IL.html/
Dr. Nicholas Dunkas	https://www.ratemds.com/doctor-ratings/123548/Dr-Nicholas-Dunkas-EVANSTON-IL.html/
Dr. Ovidio Deleon	https://www.ratemds.com/doctor-ratings/128761/Dr-Ovidio-Deleon-Chicago-IL.html/
Dr. Hazim Zakko	https://www.ratemds.com/doctor-ratings/129224/Dr-Hazim-Zakko-Chicago-IL.html/
John Zajecka	https://www.ratemds.com/doctor-ratings/129462/Dr-John-Zajecka-CHICAGO-IL.html/
Dr. F. Derek Miller	https://www.ratemds.com/doctor-ratings/129490/Dr-F.+Derek-Miller-Chicago-IL.html/
Dr. Rose Gomez	https://www.ratemds.com/doctor-ratings/143426/Dr-Rose-Gomez-Chicago-IL.html/
James Ruby	https://www.ratemds.com/doctor-ratings/14603/Dr-James-Ruby-Chicago-IL.html/
Dr. Thomas A. Rebori	https://www.ratemds.com/doctor-ratings/14737/Dr-Thomas+A.-Rebori-Northbrook-IL.html/
Dr. Robert R. Edger	https://www.ratemds.com/doctor-ratings/156652/Dr-Robert+R.-Edger-Chicago-IL.html/
Dr. David R. Kopacz	https://www.ratemds.com/doctor-ratings/158469/Dr-David+R.-Kopacz-CHAMPAIGN-IL.html/
Dr. Manisha R. Punwani	https://www.ratemds.com/doctor-ratings/163764/Dr-Manisha+R.-Punwani-Springfield-IL.html/
Dr. FRANK W. Delaurentis	https://www.ratemds.com/doctor-ratings/166482/Dr-FRANK+W.-Delaurentis-Orland+Park-IL.html/
Dr. Jeffrey Tilkin	https://www.ratemds.com/doctor-ratings/166742/Dr-Jeffrey-Tilkin-Chicago-IL.html/
Fred Levin	https://www.ratemds.com/doctor-ratings/167061/Dr-Fred-Levin-CHICAGO-IL.html/
Dr. Lauren E. Wagner	https://www.ratemds.com/doctor-ratings/173918/Dr-Lauren+E.-Wagner-Chicago-IL.html/
Dr. Richard S. Abrams	https://www.ratemds.com/doctor-ratings/177674/Dr-Richard+S.-Abrams-Chicago-IL.html/
Phil B. Reidda	https://www.ratemds.com/doctor-ratings/2245195/Dr-PHIL+B.-REIDDA-Chicago-IL.html/
Ray E. Quackenbush	https://www.ratemds.com/doctor-ratings/2246007/Dr-RAY+E.-QUACKENBUSH-CHICAGO-IL.html/
Michael ENGLAND	https://www.ratemds.com/doctor-ratings/2247692/Dr-Michael-ENGLAND-Chicago-IL.html/
Paul D. LINDEN	https://www.ratemds.com/doctor-ratings/2253358/Dr-Paul+D.-LINDEN-CHICAGO-IL.html/
Mary E. Avellone	https://www.ratemds.com/doctor-ratings/2253619/Dr-MARY+E.-AVELLONE-Chicago-IL.html/
Robert B. Henry	https://www.ratemds.com/doctor-ratings/2258643/Dr-ROBERT+B.-HENRY-Schaumburg-IL.html/
Roy Grinker	https://www.ratemds.com/doctor-ratings/2265052/Dr-ROY-GRINKER-CHICAGO-IL.html/
Mary E. Paul	https://www.ratemds.com/doctor-ratings/2267843/Dr-MARY+E.-PAUL-Chicago-IL.html/
Dr. Shaun P. Wood	https://www.ratemds.com/doctor-ratings/2269041/Dr-SHAUN+P.-WOOD-Indianapolis-IN.html/
Dr. Uzoma Okoli	https://www.ratemds.com/doctor-ratings/2270030/Dr-UZOMA-OKOLI-ARLINGTON+HEIGHTS-IL.html/
Andrea Fink	https://www.ratemds.com/doctor-ratings/2270896/Dr-ANDREA-FINK-Chicago-IL.html/
Dr. Charles Kitchen	https://www.ratemds.com/doctor-ratings/2270910/Dr-CHARLES-KITCHEN-Chicago-IL.html/
Dr. Lakshmi Martin	https://www.ratemds.com/doctor-ratings/2273012/Dr-LAKSHMI-MARTIN-Arlington+Heights-IL.html/
Anne R. Wolfe	https://www.ratemds.com/doctor-ratings/2273331/Dr-ANNE+R.-WOLFE-Chicago-IL.html/
Craig W. Jock	https://www.ratemds.com/doctor-ratings/2277367/Dr-CRAIG+W.-JOCK-Schaumburg-IL.html/
Darryl L. Pure	https://www.ratemds.com/doctor-ratings/2282509/Dr-DARRYL+L.-PURE-Chicago-IL.html/
Dr. Helen H. Lin	https://www.ratemds.com/doctor-ratings/2282819/Dr-Helen+H.-Lin-Chicago-IL.html/
Robert J. Lentz	https://www.ratemds.com/doctor-ratings/2286163/Dr-ROBERT+J.-LENTZ-Champaign-IL.html/
Mary K. Pribyl	https://www.ratemds.com/doctor-ratings/2286505/Dr-MARY+K.-PRIBYL-Glenview-IL.html/
Joan F. Hakimi	https://www.ratemds.com/doctor-ratings/2286720/Dr-JOAN+F.-HAKIMI-Skokie-IL.html/
Randy L. Kettering	https://www.ratemds.com/doctor-ratings/2286927/Dr-RANDY+L.-KETTERING-Arlington+Heights-IL.html/
Mary A. Yerkes	https://www.ratemds.com/doctor-ratings/2287284/Dr-MARY+A.-YERKES-Oak+Lawn-IL.html/
Lynda M. Behrendt	https://www.ratemds.com/doctor-ratings/2288465/Dr-LYNDA+M.-BEHRENDT-Schaumburg-IL.html/
Timothy J. Re	https://www.ratemds.com/doctor-ratings/2288628/Dr-TIMOTHY+J.-RE-Schaumburg-IL.html/
James R. Smith	https://www.ratemds.com/doctor-ratings/2289747/Dr-JAMES+R.-SMITH-Champaign-IL.html/
Cynthia A. Levin	https://www.ratemds.com/doctor-ratings/2290781/Dr-CYNTHIA+A.-LEVIN-Chicago-IL.html/
Stephen KAHN	https://www.ratemds.com/doctor-ratings/2295148/Dr-Stephen-KAHN-Chicago-IL.html/
Dr. Joshua L. Straus	https://www.ratemds.com/doctor-ratings/2295255/Dr-JOSHUA+L.-STRAUS-Evanston-IL.html/
Jerry E. Wesch	https://www.ratemds.com/doctor-ratings/2296420/Dr-JERRY+E.-WESCH-Hoffman+Estates-IL.html/
Dr. Jyoti Warikoo	https://www.ratemds.com/doctor-ratings/2299708/Dr-JYOTI-WARIKOO-Chicago-IL.html/
Nell Logan	https://www.ratemds.com/doctor-ratings/2299731/Dr-NELL-LOGAN-Evanston-IL.html/
Irvin Roth	https://www.ratemds.com/doctor-ratings/2304367/Dr-IRVIN-ROTH-Oak+Park-IL.html/
Steven L. Fritz	https://www.ratemds.com/doctor-ratings/2307561/Dr-STEVEN+L.-FRITZ-Springfield-IL.html/
Andrea F. Benn	https://www.ratemds.com/doctor-ratings/2307649/Dr-ANDREA+F.-BENN-Schaumburg-IL.html/
John E. Harris	https://www.ratemds.com/doctor-ratings/2308153/Dr-JOHN+E.-HARRIS-Springfield-IL.html/
Dr. William A. Forsyth	https://www.ratemds.com/doctor-ratings/2308596/Dr-William+A.-Forsyth-Springfield-IL.html/
Lynne Sheban	https://www.ratemds.com/doctor-ratings/2316318/Dr-LYNNE-SHEBAN-SKOKIE-IL.html/
James W. HANNUM	https://www.ratemds.com/doctor-ratings/2319904/Dr-James+W.-HANNUM-Champaign-IL.html/
Dr. Gaeda Albeheary	https://www.ratemds.com/doctor-ratings/2323576/Dr-GAEDA-ALBEHEARY-CHICAGO-IL.html/
Judith A. Goldstein	https://www.ratemds.com/doctor-ratings/2328326/Dr-JUDITH+A.-GOLDSTEIN-CHICAGO-IL.html/
John Sonnenberg	https://www.ratemds.com/doctor-ratings/2328849/Dr-JOHN-SONNENBERG-CHICAGO-IL.html/
Glen P. Aylward	https://www.ratemds.com/doctor-ratings/2329460/Dr-GLEN+P.-AYLWARD-Springfield-IL.html/
Janet K. Willer	https://www.ratemds.com/doctor-ratings/2329740/Dr-JANET+K.-WILLER-Chicago-IL.html/
Mary E. Worden	https://www.ratemds.com/doctor-ratings/2334550/Dr-MARY+E.-WORDEN-Chicago-IL.html/
Silas G. Gilliam	https://www.ratemds.com/doctor-ratings/2334785/Dr-SILAS+G.-GILLIAM-Chicago-IL.html/
Jane V. Dyonzak	https://www.ratemds.com/doctor-ratings/2336894/Dr-JANE+V.-DYONZAK-Glenview-IL.html/
Mary H. Johnston	https://www.ratemds.com/doctor-ratings/2341011/Dr-MARY+H.-JOHNSTON-Chicago-IL.html/
Kersey H. Antia	https://www.ratemds.com/doctor-ratings/2342458/Dr-KERSEY+H.-ANTIA-Tinley+Park-IL.html/
Amy Heim	https://www.ratemds.com/doctor-ratings/2343027/Dr-AMY-HEIM-Tinley+Park-IL.html/
Karen Cihak	https://www.ratemds.com/doctor-ratings/2343697/Dr-KAREN-CIHAK-Palatine-IL.html/
Sharon Song	https://www.ratemds.com/doctor-ratings/2343711/Dr-SHARON-SONG-Palatine-IL.html/
Martin E. Wolff	https://www.ratemds.com/doctor-ratings/2345104/Dr-MARTIN+E.-WOLFF-Rockford-IL.html/
Timothy Sterzik	https://www.ratemds.com/doctor-ratings/2345442/Dr-TIMOTHY-STERZIK-CHICAGO-IL.html/
Karen J. Rupar	https://www.ratemds.com/doctor-ratings/2345516/Dr-KAREN+J.-RUPAR-Chicago-IL.html/
Marlin C. Hoover	https://www.ratemds.com/doctor-ratings/2345738/Dr-MARLIN+C.-HOOVER-Tinley+Park-IL.html/
Andrew W. Hartman	https://www.ratemds.com/doctor-ratings/2345821/Dr-Andrew+W.-HARTMAN-Hoffman+Estates-IL.html/
Dr. David C. Lott	https://www.ratemds.com/doctor-ratings/2348849/Dr-DAVID+C.-LOTT-NAPERVILLE-IL.html/
Dr. Zafeer H. Berki	https://www.ratemds.com/doctor-ratings/2349298/Dr-ZAFEER+H.-BERKI-Hoffman+Estates-IL.html/
Lori R. Grifo	https://www.ratemds.com/doctor-ratings/2349971/Dr-LORI+R.-GRIFO-Chicago-IL.html/
Eliezer T. Margolis	https://www.ratemds.com/doctor-ratings/2350857/Dr-ELIEZER+T.-MARGOLIS-Evanston-IL.html/
Dr. Arshdeep S. Jawandha	https://www.ratemds.com/doctor-ratings/2352453/Dr-ARSHDEEP+S.-JAWANDHA-EVANSTON-IL.html/
Lori E. Davis	https://www.ratemds.com/doctor-ratings/2352585/Dr-LORI+E.-DAVIS-Champaign-IL.html/
Dr. Klara Curtis	https://www.ratemds.com/doctor-ratings/2353622/Dr-KLARA-CURTIS-SPRINGFIELD-IL.html/
Dr. Rodney Curtis	https://www.ratemds.com/doctor-ratings/2353635/Dr-RODNEY-CURTIS-SPRINGFIELD-IL.html/
Dr. Tito A. Champena	https://www.ratemds.com/doctor-ratings/2354527/Dr-TITO+A.-CHAMPENA-PEORIA-IL.html/
Darrell M. Snyder	https://www.ratemds.com/doctor-ratings/2356566/Dr-DARRELL+M.-SNYDER-Chicago-IL.html/
Edward J. Fajardo	https://www.ratemds.com/doctor-ratings/2365978/Dr-EDWARD+J.-FAJARDO-CHICAGO-IL.html/
Josephine B. KENNEDY	https://www.ratemds.com/doctor-ratings/2366893/Dr-Josephine+B.-KENNEDY-Naperville-IL.html/
Gerald C. Mccallum	https://www.ratemds.com/doctor-ratings/2367210/Dr-GERALD+C.-MCCALLUM-NAPERVILLE-IL.html/
Deanna Weiss	https://www.ratemds.com/doctor-ratings/2369509/Dr-DEANNA-WEISS-Naperville-IL.html/
Susan Stasek	https://www.ratemds.com/doctor-ratings/2370426/Dr-SUSAN-STASEK-Waukegan-IL.html/
Mark J. JOHNS	https://www.ratemds.com/doctor-ratings/2370844/Dr-Mark+J.-JOHNS-CHICAGO-IL.html/
Jeanne Yakin	https://www.ratemds.com/doctor-ratings/2373528/Dr-JEANNE-YAKIN-Chicago-IL.html/
Vincent Copp	https://www.ratemds.com/doctor-ratings/2377272/Dr-VINCENT-COPP-Chicago-IL.html/
Dr. Subhash Goyal	https://www.ratemds.com/doctor-ratings/2379012/Dr-SUBHASH-GOYAL-Chicago-IL.html/
Braden R. Berkey	https://www.ratemds.com/doctor-ratings/2381604/Dr-BRADEN+R.-BERKEY-Oak+Park-IL.html/
Dr. Tim Bruce	https://www.ratemds.com/doctor-ratings/2383958/Dr-TIM-BRUCE-PEORIA-IL.html/
John MARTIN	https://www.ratemds.com/doctor-ratings/2385903/Dr-John-MARTIN-Naperville-IL.html/
Anne Chodzko	https://www.ratemds.com/doctor-ratings/2387083/Dr-ANNE-CHODZKO-Evanston-IL.html/
Susan E. Bennett	https://www.ratemds.com/doctor-ratings/2390080/Dr-SUSAN+E.-BENNETT-Schaumburg-IL.html/
Yvonne Shade Zeldow	https://www.ratemds.com/doctor-ratings/2390656/Dr-YVONNE-SHADE+ZELDOW-Chicago-IL.html/
Lawrence Cull	https://www.ratemds.com/doctor-ratings/2391684/Dr-LAWRENCE-CULL-Chicago-IL.html/
John M. FUSCO	https://www.ratemds.com/doctor-ratings/2391796/Dr-John+M.-FUSCO-CHICAGO-IL.html/
John Carlsen	https://www.ratemds.com/doctor-ratings/2391804/Dr-JOHN-CARLSEN-Chicago-IL.html/
Patricia M. Campion	https://www.ratemds.com/doctor-ratings/2392071/Dr-PATRICIA+M.-CAMPION-Chicago-IL.html/
Lee L. Madden	https://www.ratemds.com/doctor-ratings/2394659/Dr-LEE+L.-MADDEN-Oak+Park-IL.html/
Shauna L. Gatten	https://www.ratemds.com/doctor-ratings/2396272/Dr-SHAUNA+L.-GATTEN-Peoria-IL.html/
Dr. Anna R. Flynn	https://www.ratemds.com/doctor-ratings/2397239/Dr-ANNA+R.-FLYNN-Schaumburg-IL.html/
Donald Legan	https://www.ratemds.com/doctor-ratings/2397786/Dr-DONALD-LEGAN-Peoria-IL.html/
Leone Legan	https://www.ratemds.com/doctor-ratings/2397790/Dr-LEONE-LEGAN-Peoria-IL.html/
Janet S. Peden	https://www.ratemds.com/doctor-ratings/2398203/Dr-JANET+S.-PEDEN-Chicago-IL.html/
Dr. George E. MIGUEL	https://www.ratemds.com/doctor-ratings/2398601/Dr-George+E.-MIGUEL-Joliet-IL.html/
Bruce N. CHRISTENSEN	https://www.ratemds.com/doctor-ratings/2398782/Dr-Bruce+N.-CHRISTENSEN-Schaumburg-IL.html/
Michael Legan	https://www.ratemds.com/doctor-ratings/2399873/Dr-MICHAEL-LEGAN-PEORIA-IL.html/
Rhonda L. Johnson	https://www.ratemds.com/doctor-ratings/2400976/Dr-RHONDA+L.-JOHNSON-Springfield-IL.html/
Milena Tatic-Bajich	https://www.ratemds.com/doctor-ratings/2401056/Dr-Milena-Tatic-Bajich-Chicago-IL.html/
Dr. James Black	https://www.ratemds.com/doctor-ratings/2401734/Dr-JAMES-BLACK-SPRINGFIELD-IL.html/
Kevin J. Franke	https://www.ratemds.com/doctor-ratings/2403324/Dr-KEVIN+J.-FRANKE-Chicago-IL.html/
Konstantinos  Kostas	https://www.ratemds.com/doctor-ratings/2404633/Dr-KONSTANTINOS+D.-KOSTAS-Chicago-IL.html/
Dr. Enio A. Rigolin	https://www.ratemds.com/doctor-ratings/2406103/Dr-ENIO+A.-RIGOLIN-Chicago-IL.html/
Gregory N. LEWIS	https://www.ratemds.com/doctor-ratings/2408078/Dr-Gregory+N.-LEWIS-Wheaton-IL.html/
Barrett Mcray	https://www.ratemds.com/doctor-ratings/2408146/Dr-BARRETT-MCRAY-WHEATON-IL.html/
Kristin Stockman-Balc	https://www.ratemds.com/doctor-ratings/2409016/Dr-KRISTIN-STOCKMAN-BALC-Wheaton-IL.html/
John E. Mayer	https://www.ratemds.com/doctor-ratings/24106/Dr-John+E.-Mayer-Chicago-IL.html/
Edward Blumstein	https://www.ratemds.com/doctor-ratings/2410873/Dr-EDWARD-BLUMSTEIN-Chicago-IL.html/
Candace Chambers-Smith	https://www.ratemds.com/doctor-ratings/2411468/Dr-CANDACE-CHAMBERS-SMITH-SKOKIE-IL.html/
Dr. James Fisch	https://www.ratemds.com/doctor-ratings/2412824/Dr-JAMES-FISCH-CHICAGO-IL.html/
Adam G. Crane	https://www.ratemds.com/doctor-ratings/2414405/Dr-ADAM+G.-CRANE-Arlington+Heights-IL.html/
Mark A. VOGEL	https://www.ratemds.com/doctor-ratings/2417365/Dr-Mark+A.-VOGEL-SCHAUMBURG-IL.html/
Steven L. Wodka	https://www.ratemds.com/doctor-ratings/2418338/Dr-STEVEN+L.-WODKA-Schaumburg-IL.html/
Roger L. Parks	https://www.ratemds.com/doctor-ratings/2420349/Dr-ROGER+L.-PARKS-Orland+Park-IL.html/
Laurie Keefer-Levine	https://www.ratemds.com/doctor-ratings/2420861/Dr-LAURIE-KEEFER-LEVINE-Chicago-IL.html/
Richard CARROLL	https://www.ratemds.com/doctor-ratings/2422956/Dr-Richard-CARROLL-Chicago-IL.html/
Cindy K. Gilmore	https://www.ratemds.com/doctor-ratings/2424226/Dr-CINDY+K.-GILMORE-Oak+Park-IL.html/
Nathan S. Wagner	https://www.ratemds.com/doctor-ratings/2426480/Dr-NATHAN+S.-WAGNER-Evanston-IL.html/
Stephanie Smeir	https://www.ratemds.com/doctor-ratings/2426550/Dr-STEPHANIE-SMEIR-WHEATON-IL.html/
Katherine Noll	https://www.ratemds.com/doctor-ratings/2427159/Dr-KATHERINE-NOLL-Wheaton-IL.html/
Samuel Mcintyre	https://www.ratemds.com/doctor-ratings/2427687/Dr-SAMUEL-MCINTYRE-Peoria-IL.html/
Dr. Emma Cabusao	https://www.ratemds.com/doctor-ratings/2428529/Dr-EMMA-CABUSAO-Wheaton-IL.html/
Jennifer Schuler	https://www.ratemds.com/doctor-ratings/2429732/Dr-JENNIFER-SCHULER-Wheaton-IL.html/
Kelly S. Flanagan	https://www.ratemds.com/doctor-ratings/2430871/Dr-KELLY+S.-FLANAGAN-Wheaton-IL.html/
Dr. David L. Goldberg	https://www.ratemds.com/doctor-ratings/2433655/Dr-DAVID+L.-GOLDBERG-Chicago-IL.html/
Dr. George Kalayil	https://www.ratemds.com/doctor-ratings/2435512/Dr-GEORGE+V.-KALAYIL-Naperville-IL.html/
Monika Sharma	https://www.ratemds.com/doctor-ratings/2436685/Dr-MONIKA-SHARMA-Chicago-IL.html/
Sonali Gupta	https://www.ratemds.com/doctor-ratings/2436956/Dr-SONALI-GUPTA-CHICAGO-IL.html/
John R. DAY	https://www.ratemds.com/doctor-ratings/2440430/Dr-John+R.-DAY-Peoria-IL.html/
Dr. Sylvia A. Santos	https://www.ratemds.com/doctor-ratings/2441910/Dr-SYLVIA+A.-SANTOS-Chicago-IL.html/
Lynne M. Simon	https://www.ratemds.com/doctor-ratings/2442454/Dr-LYNNE+M.-SIMON-Evanston-IL.html/
Cynthia A. Dopke	https://www.ratemds.com/doctor-ratings/2444989/Dr-CYNTHIA+A.-DOPKE-Chicago-IL.html/
Sheila Sulkes	https://www.ratemds.com/doctor-ratings/2446407/Dr-SHEILA-SULKES-CHICAGO-IL.html/
Steven L. Gryll	https://www.ratemds.com/doctor-ratings/2452511/Dr-STEVEN+L.-GRYLL-Chicago-IL.html/
Dr. Jacqueline E. Deutsch	https://www.ratemds.com/doctor-ratings/2452873/Dr-JACQUELINE+E.-DEUTSCH-BERWYN-IL.html/
Danny Vogel	https://www.ratemds.com/doctor-ratings/2452924/Dr-DANNY-VOGEL-Chicago-IL.html/
Maria Devens	https://www.ratemds.com/doctor-ratings/2453597/Dr-MARIA-DEVENS-Chicago-IL.html/
Patricia L. Miller	https://www.ratemds.com/doctor-ratings/2454294/Dr-PATRICIA+L.-MILLER-Joliet-IL.html/
Dr. Thomas A. Armistead	https://www.ratemds.com/doctor-ratings/2455519/Dr-THOMAS+A.-ARMISTEAD-Chicago-IL.html/
Carlos A. Plazas	https://www.ratemds.com/doctor-ratings/2457376/Dr-CARLOS+A.-PLAZAS-Chicago-IL.html/
Dr. Philip Barent	https://www.ratemds.com/doctor-ratings/24587/Dr-Philip-Barent-Arlington+Hts.-IL.html/
Bruce E. Bonecutter	https://www.ratemds.com/doctor-ratings/2459067/Dr-BRUCE+E.-BONECUTTER-Chicago-IL.html/
Helen L. Evans	https://www.ratemds.com/doctor-ratings/2462635/Dr-HELEN+L.-EVANS-Chicago-IL.html/
Marjan Davoudi	https://www.ratemds.com/doctor-ratings/2464628/Dr-MARJAN-DAVOUDI-Skokie-IL.html/
Alan J. Ward	https://www.ratemds.com/doctor-ratings/2465445/Dr-ALAN+J.-WARD-Chicago-IL.html/
Martin A. Goldstein	https://www.ratemds.com/doctor-ratings/2465784/Dr-MARTIN+A.-GOLDSTEIN-Skokie-IL.html/
George W. Hotchkiss	https://www.ratemds.com/doctor-ratings/2467116/Dr-GEORGE+W.-HOTCHKISS-Aurora-IL.html/
David L. LYNN	https://www.ratemds.com/doctor-ratings/2468182/Dr-David+L.-LYNN-Chicago-IL.html/
James R. Iberg	https://www.ratemds.com/doctor-ratings/2474404/Dr-JAMES+R.-IBERG-Chicago-IL.html/
Andrew V. Shack	https://www.ratemds.com/doctor-ratings/2478717/Dr-ANDREW+V.-SHACK-Oak+Park-IL.html/
Leo G. Bourneuf	https://www.ratemds.com/doctor-ratings/2481271/Dr-LEO+G.-BOURNEUF-Arlington+Hts-IL.html/
Michael R. Scherer	https://www.ratemds.com/doctor-ratings/2481357/Dr-MICHAEL+R.-SCHERER-Orland+Park-IL.html/
Diane L. Schank	https://www.ratemds.com/doctor-ratings/2482549/Dr-DIANE+L.-SCHANK-Chicago-IL.html/
James E. COURTNEY	https://www.ratemds.com/doctor-ratings/2484502/Dr-James+E.-COURTNEY-Arlington+Heights-IL.html/
M. Hunter Hansen	https://www.ratemds.com/doctor-ratings/2484972/Dr-M.+HUNTER-HANSEN-Chicago-IL.html/
Mark F. Frazier	https://www.ratemds.com/doctor-ratings/2485082/Dr-MARK+F.-FRAZIER-Arlington+Hts-IL.html/
Dennis R. Karamitis	https://www.ratemds.com/doctor-ratings/2488353/Dr-DENNIS+R.-KARAMITIS-Chicago-IL.html/
Dr. Megan Shanks	https://www.ratemds.com/doctor-ratings/2490251/Dr-MEGAN-SHANKS-CHICAGO-IL.html/
Dr. Paula C. Gewarges	https://www.ratemds.com/doctor-ratings/2490429/Dr-PAULA+C.-GEWARGES-Aurora-IL.html/
Mary Ellen Bratu	https://www.ratemds.com/doctor-ratings/2490945/Dr-MARY+ELLEN-BRATU-Naperville-IL.html/
Shaun A. Bong	https://www.ratemds.com/doctor-ratings/2491373/Dr-SHAUN+A.-BONG-Rockford-IL.html/
Melissa F. Paoni	https://www.ratemds.com/doctor-ratings/2491444/Dr-MELISSA+F.-PAONI-Springfield-IL.html/
Jessica J. Loftus	https://www.ratemds.com/doctor-ratings/2496935/Dr-JESSICA+J.-LOFTUS-Orland+Park-IL.html/
Mark P. Masi	https://www.ratemds.com/doctor-ratings/2497440/Dr-MARK+P.-MASI-Arlington+Heights-IL.html/
Don A. Nelson	https://www.ratemds.com/doctor-ratings/2499312/Dr-DON+A.-NELSON-Chicago-IL.html/
Douglas Whiteside	https://www.ratemds.com/doctor-ratings/2499466/Dr-DOUGLAS-WHITESIDE-CHICAGO-IL.html/
Robert I. Yufit	https://www.ratemds.com/doctor-ratings/2499838/Dr-ROBERT+I.-YUFIT-Chicago-IL.html/
Cheryl A. Marshall	https://www.ratemds.com/doctor-ratings/2499979/Dr-CHERYL+A.-MARSHALL-Chicago-IL.html/
Richard E. Zinbarg	https://www.ratemds.com/doctor-ratings/2500155/Dr-RICHARD+E.-ZINBARG-Evanston-IL.html/
John Gobby	https://www.ratemds.com/doctor-ratings/2501211/Dr-JOHN-GOBBY-Evanston-IL.html/
Eileen B. Burke	https://www.ratemds.com/doctor-ratings/2501909/Dr-EILEEN+B.-BURKE-Arlington+Heights-IL.html/
Gregory S. Crisenbery	https://www.ratemds.com/doctor-ratings/2503393/Dr-GREGORY+S.-CRISENBERY-Chicago-IL.html/
Bernard J. Sladen	https://www.ratemds.com/doctor-ratings/2506219/Dr-BERNARD+J.-SLADEN-Chicago-IL.html/
Dr. Fraterno Lemus	https://www.ratemds.com/doctor-ratings/2506588/Dr-FRATERNO-LEMUS-ORLAND+PARK-IL.html/
Martha Pintzuk	https://www.ratemds.com/doctor-ratings/2507566/Dr-MARTHA-PINTZUK-CHICAGO-IL.html/
Charles L. Alexander	https://www.ratemds.com/doctor-ratings/2507732/Dr-CHARLES+L.-ALEXANDER-ORLAND+PARK-IL.html/
Dr. Pamela A. Campbell	https://www.ratemds.com/doctor-ratings/2511348/Dr-PAMELA+A.-CAMPBELL-Springfield-IL.html/
Dr. Wendy Lader	https://www.ratemds.com/doctor-ratings/25115/Dr-Wendy-Lader-Naperville-IL.html/
Dr. Barbara Hayes	https://www.ratemds.com/doctor-ratings/25117/Dr-Barbara-Hayes-Wheaton-IL.html/
Joan Powers	https://www.ratemds.com/doctor-ratings/25118/Dr-Joan-Powers-Naperville-IL.html/
Marla J. Vannucci	https://www.ratemds.com/doctor-ratings/2511963/Dr-MARLA+J.-VANNUCCI-Chicago-IL.html/
Helen P. Appleton	https://www.ratemds.com/doctor-ratings/2512173/Dr-HELEN+P.-APPLETON-Springfield-IL.html/
Dennis J. Niswonger	https://www.ratemds.com/doctor-ratings/2513461/Dr-DENNIS+J.-NISWONGER-Orland+Park-IL.html/
David A. Priddy	https://www.ratemds.com/doctor-ratings/2514003/Dr-DAVID+A.-PRIDDY-Peoria-IL.html/
Daniel KELLER	https://www.ratemds.com/doctor-ratings/2516486/Dr-Daniel-KELLER-Chicago-IL.html/
Linda B. Sherman	https://www.ratemds.com/doctor-ratings/2517358/Dr-LINDA+B.-SHERMAN-Oak+Park-IL.html/
Dr. Heidi Merideth	https://www.ratemds.com/doctor-ratings/25209/Dr-Heidi-Merideth-Glenview-IL.html/
Michael P. Kahwaji	https://www.ratemds.com/doctor-ratings/2521339/Dr-MICHAEL+P.-KAHWAJI-BLOOMINGTON-IL.html/
Karen L. JAFFE	https://www.ratemds.com/doctor-ratings/2523138/Dr-Karen+L.-JAFFE-Chicago-IL.html/
Gina Graci	https://www.ratemds.com/doctor-ratings/2524339/Dr-GINA-GRACI-Chicago-IL.html/
Dr. Harry M. Charkatz	https://www.ratemds.com/doctor-ratings/2525384/Dr-HARRY+M.-CHARKATZ-Skokie-IL.html/
Dr. Beth P. Fraum	https://www.ratemds.com/doctor-ratings/2525407/Dr-BETH+P.-FRAUM-Skokie-IL.html/
Dr. Nazimuddin T. Mohammed	https://www.ratemds.com/doctor-ratings/2528040/Dr-NAZIMUDDIN+T.-MOHAMMED-Hoffman+Estates-IL.html/
Alan M. Jaffe	https://www.ratemds.com/doctor-ratings/2529032/Dr-ALAN+M.-JAFFE-Chicago-IL.html/
Lisa L. Rogers	https://www.ratemds.com/doctor-ratings/2532347/Dr-LISA+L.-ROGERS-Peoria-IL.html/
Karen E. Lee	https://www.ratemds.com/doctor-ratings/2533858/Dr-Karen+E.-Lee-Decatur-IL.html/
Karen K. Cichon	https://www.ratemds.com/doctor-ratings/2534771/Dr-KAREN+K.-CICHON-Chicago-IL.html/
Julia M. Rahn	https://www.ratemds.com/doctor-ratings/2535456/Dr-JULIA+M.-RAHN-Chicago-IL.html/
Dr. Craig V. Showalter	https://www.ratemds.com/doctor-ratings/2535457/Dr-CRAIG+V.-SHOWALTER-Chicago-IL.html/
Lisa Irgang	https://www.ratemds.com/doctor-ratings/2538641/Dr-LISA-IRGANG-Schaumburg-IL.html/
Neal J. Gordon	https://www.ratemds.com/doctor-ratings/2539677/Dr-NEAL+J.-GORDON-Oak+Park-IL.html/
William ROBERTS	https://www.ratemds.com/doctor-ratings/2540335/Dr-William-ROBERTS-Hoffman+Estates-IL.html/
Janet Kamer	https://www.ratemds.com/doctor-ratings/2542111/Dr-JANET-KAMER-Wheaton-IL.html/
Gregg S. Helgesen	https://www.ratemds.com/doctor-ratings/2543410/Dr-GREGG+S.-HELGESEN-Champaign-IL.html/
Laura J. Higdon	https://www.ratemds.com/doctor-ratings/2546548/Dr-LAURA+J.-HIGDON-Chicago-IL.html/
Debra J. Jedd	https://www.ratemds.com/doctor-ratings/2547790/Dr-DEBRA+J.-JEDD-Champaign-IL.html/
Dr. Olusola A. Ajilore	https://www.ratemds.com/doctor-ratings/2548139/Dr-OLUSOLA+A.-AJILORE-Chicago-IL.html/
Dr. John P. BECK	https://www.ratemds.com/doctor-ratings/2550960/Dr-John+P.-BECK-Champaign-IL.html/
Barry Greenwald	https://www.ratemds.com/doctor-ratings/2553414/Dr-BARRY-GREENWALD-Oak+Park-IL.html/
Marv L. Meyer	https://www.ratemds.com/doctor-ratings/2554367/Dr-MARV+L.-MEYER-Skokie-IL.html/
John E. Noto	https://www.ratemds.com/doctor-ratings/2554380/Dr-JOHN+E.-NOTO-Berwyn-IL.html/
Karen L. Conner	https://www.ratemds.com/doctor-ratings/2554799/Dr-KAREN+L.-CONNER-Chicago-IL.html/
Dr. Kwan B. Jin	https://www.ratemds.com/doctor-ratings/2556050/Dr-KWAN+B.-JIN-Hoffman+Estates-IL.html/
Suzana E. Flores	https://www.ratemds.com/doctor-ratings/2556505/Dr-SUZANA+E.-FLORES-CHICAGO-IL.html/
Lesley E. Kane	https://www.ratemds.com/doctor-ratings/2556701/Dr-LESLEY+E.-KANE-ARLINGTON+HTS-IL.html/
Dr. Irene P. Kasambira	https://www.ratemds.com/doctor-ratings/2556772/Dr-IRENE+P.-KASAMBIRA-Peoria-IL.html/
Kathleen Fader	https://www.ratemds.com/doctor-ratings/2557989/Dr-KATHLEEN-FADER-HOFFMAN+ESTATES-IL.html/
Wendy Oman	https://www.ratemds.com/doctor-ratings/2558258/Dr-WENDY-OMAN-Chicago-IL.html/
Clifton Saper	https://www.ratemds.com/doctor-ratings/2558564/Dr-CLIFTON-SAPER-Hoffman+Estates-IL.html/
Mark Reinecke	https://www.ratemds.com/doctor-ratings/2558639/Dr-MARK-REINECKE-CHICAGO-IL.html/
Joel O. Eckert	https://www.ratemds.com/doctor-ratings/2558936/Dr-JOEL+O.-ECKERT-PEORIA-IL.html/
Marshall E. Kordon	https://www.ratemds.com/doctor-ratings/2559727/Dr-MARSHALL+E.-KORDON-Chicago-IL.html/
Andrea R. Klein	https://www.ratemds.com/doctor-ratings/2560576/Dr-ANDREA+R.-KLEIN-Champaign-IL.html/
Dr. Joanna Caban	https://www.ratemds.com/doctor-ratings/2562014/Dr-JOANNA-CABAN-Waukegan-IL.html/
Mary A. WILKINSON	https://www.ratemds.com/doctor-ratings/2563625/Dr-Mary+A.-WILKINSON-GLENVIEW-IL.html/
Dr. Susan F. ROSENTHAL	https://www.ratemds.com/doctor-ratings/2563758/Dr-Susan+F.-ROSENTHAL-Skokie-IL.html/
Sandra L. Viola	https://www.ratemds.com/doctor-ratings/2563958/Dr-SANDRA+L.-VIOLA-Arlington+Hts-IL.html/
Dr. Mehmet E. Dokucu	https://www.ratemds.com/doctor-ratings/2564596/Dr-MEHMET+E.-DOKUCU-Chicago-IL.html/
Dr. Mujeeb U. Shad	https://www.ratemds.com/doctor-ratings/2564999/Dr-MUJEEB+U.-SHAD-SPRINGFIELD-IL.html/
Shula A. Luber	https://www.ratemds.com/doctor-ratings/2565283/Dr-SHULA+A.-LUBER-Hoffman+Estates-IL.html/
Samuel Rest	https://www.ratemds.com/doctor-ratings/2567322/Dr-SAMUEL-REST-Aurora-IL.html/
Richard M. Volden	https://www.ratemds.com/doctor-ratings/2568326/Dr-RICHARD+M.-VOLDEN-Chicago-IL.html/
Dr. Donald R. Raden	https://www.ratemds.com/doctor-ratings/2569853/Dr-DONALD+R.-RADEN-Schaumburg-IL.html/
Constance N. Drossos	https://www.ratemds.com/doctor-ratings/2571056/Dr-CONSTANCE+N.-DROSSOS-Chicago-IL.html/
Susan George	https://www.ratemds.com/doctor-ratings/2571287/Dr-SUSAN-GEORGE-PEORIA-IL.html/
Thomas A. RIZZO	https://www.ratemds.com/doctor-ratings/2571979/Dr-Thomas+A.-RIZZO-Naperville-IL.html/
Dr. Mohammed N. Ahmed	https://www.ratemds.com/doctor-ratings/2572093/Dr-MOHAMMED+N.-AHMED-Joliet-IL.html/
Howard Feldman	https://www.ratemds.com/doctor-ratings/2572393/Dr-HOWARD-FELDMAN-Chicago-IL.html/
Don G. Elligan	https://www.ratemds.com/doctor-ratings/2573191/Dr-DON+G.-ELLIGAN-Chicago-IL.html/
Dr. Daram Reddy	https://www.ratemds.com/doctor-ratings/2574908/Dr-DARAM-REDDY-Waukegan-IL.html/
Judy Ronan Woodburn	https://www.ratemds.com/doctor-ratings/2578051/Dr-JUDY-RONAN+WOODBURN-Normal-IL.html/
Joanne M. May	https://www.ratemds.com/doctor-ratings/2578083/Dr-JOANNE+M.-MAY-Chicago-IL.html/
Jeena G. Jacob	https://www.ratemds.com/doctor-ratings/2578170/Dr-JEENA+G.-JACOB-Hoffman+Estates-IL.html/
Georgette Bloom	https://www.ratemds.com/doctor-ratings/2578332/Dr-GEORGETTE-BLOOM-Waukegan-IL.html/
Lynn Hughes	https://www.ratemds.com/doctor-ratings/2579068/Dr-LYNN-HUGHES-Waukegan-IL.html/
Dr. Robert Kravets	https://www.ratemds.com/doctor-ratings/2579584/Dr-ROBERT-KRAVETS-WAUKEGAN-IL.html/
Symone Lewis	https://www.ratemds.com/doctor-ratings/2580752/Dr-SYMONE-LEWIS-Arlington+Heights-IL.html/
Dr. Zulima Hurtado	https://www.ratemds.com/doctor-ratings/2580869/Dr-ZULIMA-HURTADO-Waukegan-IL.html/
John F. Zagotta	https://www.ratemds.com/doctor-ratings/2582167/Dr-JOHN+F.-ZAGOTTA-Chicago-IL.html/
Dr. Dojna Barr	https://www.ratemds.com/doctor-ratings/2583516/Dr-DOJNA-BARR-JOLIET-IL.html/
Josephine H. Dawson	https://www.ratemds.com/doctor-ratings/2585307/Dr-JOSEPHINE+H.-DAWSON-Chicago-IL.html/
Molly R. Witten	https://www.ratemds.com/doctor-ratings/2588157/Dr-MOLLY+R.-WITTEN-Chicago-IL.html/
Patrick J. Mckian	https://www.ratemds.com/doctor-ratings/2588740/Dr-PATRICK+J.-MCKIAN-Chicago-IL.html/
Wendy Powell	https://www.ratemds.com/doctor-ratings/2589027/Dr-WENDY-POWELL-Waukegan-IL.html/
Cheri L. Miller	https://www.ratemds.com/doctor-ratings/2589090/Dr-CHERI+L.-MILLER-Bloomington-IL.html/
Buffy J. Cramer-Hammann	https://www.ratemds.com/doctor-ratings/2590352/Dr-BUFFY+J.-CRAMER-HAMMANN-Naperville-IL.html/
Joseph M. Ripp	https://www.ratemds.com/doctor-ratings/2592065/Dr-JOSEPH+M.-RIPP-SCHAUMBURG-IL.html/
Kate Curtis	https://www.ratemds.com/doctor-ratings/2593685/Dr-KATE-CURTIS-WAUKEGAN-IL.html/
Marlys A. Conrad	https://www.ratemds.com/doctor-ratings/2595804/Dr-MARLYS+A.-CONRAD-Arlington+Heights-IL.html/
Mollie M. Hanson	https://www.ratemds.com/doctor-ratings/2598913/Dr-MOLLIE+M.-HANSON-BLOOMINGTON-IL.html/
Dr. Rodica S. Brisan	https://www.ratemds.com/doctor-ratings/2600471/Dr-RODICA+S.-BRISAN-Springfield-IL.html/
Rebecca S. Mueller	https://www.ratemds.com/doctor-ratings/2601663/Dr-REBECCA+S.-MUELLER-Evanston-IL.html/
Dale G. Monroe-Cook	https://www.ratemds.com/doctor-ratings/2602428/Dr-DALE+G.-MONROE-COOK-Chicago-IL.html/
Anne J. Buckingham	https://www.ratemds.com/doctor-ratings/2603204/Dr-ANNE+J.-BUCKINGHAM-Chicago-IL.html/
Jordana G. Binstock	https://www.ratemds.com/doctor-ratings/2603227/Dr-JORDANA+G.-BINSTOCK-Evanston-IL.html/
Dr. Richard Telingator	https://www.ratemds.com/doctor-ratings/2603452/Dr-RICHARD-TELINGATOR-CHICAGO-IL.html/
Leslie J. Fyans	https://www.ratemds.com/doctor-ratings/2603948/Dr-LESLIE+J.-FYANS-Springfield-IL.html/
Jane Velez	https://www.ratemds.com/doctor-ratings/2604251/Dr-JANE-VELEZ-Peoria-IL.html/
Paul R. Sanders	https://www.ratemds.com/doctor-ratings/2604380/Dr-PAUL+R.-SANDERS-Chicago-IL.html/
Robert J. Swanson	https://www.ratemds.com/doctor-ratings/2604745/Dr-ROBERT+J.-SWANSON-Oak+Park-IL.html/
James A. Kowal	https://www.ratemds.com/doctor-ratings/2605457/Dr-JAMES+A.-KOWAL-Naperville-IL.html/
Cathy Herman	https://www.ratemds.com/doctor-ratings/2605815/Dr-CATHY-HERMAN-Chicago-IL.html/
Susan Q. LOVE	https://www.ratemds.com/doctor-ratings/2606439/Dr-Susan+Q.-LOVE-Chicago-IL.html/
Barbara M. Stock	https://www.ratemds.com/doctor-ratings/2606812/Dr-BARBARA+M.-STOCK-Evanston-IL.html/
James R. Zullo	https://www.ratemds.com/doctor-ratings/2607207/Dr-JAMES+R.-ZULLO-Chicago-IL.html/
Marlene R. Eisen	https://www.ratemds.com/doctor-ratings/2607218/Dr-MARLENE+R.-EISEN-Chicago-IL.html/
Joan R. Hudson	https://www.ratemds.com/doctor-ratings/2608758/Dr-JOAN+R.-HUDSON-PEORIA-IL.html/
Carol E. Gordon	https://www.ratemds.com/doctor-ratings/2609433/Dr-CAROL+E.-GORDON-Arlington+Hts-IL.html/
Jeffry I. Manasse	https://www.ratemds.com/doctor-ratings/2609644/Dr-JEFFRY+I.-MANASSE-Naperville-IL.html/
Dara M. Weil	https://www.ratemds.com/doctor-ratings/2609717/Dr-DARA+M.-WEIL-EVANSTON-IL.html/
Peter J. Newman	https://www.ratemds.com/doctor-ratings/2610734/Dr-PETER+J.-NEWMAN-Chicago-IL.html/
John Mead	https://www.ratemds.com/doctor-ratings/2611047/Dr-JOHN-MEAD-CHICAGO-IL.html/
Therese Meyer	https://www.ratemds.com/doctor-ratings/2611325/Dr-THERESE-MEYER-Springfield-IL.html/
Edith S. Taber	https://www.ratemds.com/doctor-ratings/2611477/Dr-EDITH+S.-TABER-Evanston-IL.html/
Jean E. Roe	https://www.ratemds.com/doctor-ratings/2612006/Dr-JEAN+E.-ROE-NAPERVILLE-IL.html/
Arthur Preston	https://www.ratemds.com/doctor-ratings/2613009/Dr-ARTHUR-PRESTON-Chicago-IL.html/
AVA J. Carn-Watkins	https://www.ratemds.com/doctor-ratings/2613227/Dr-AVA+J.-Carn-Watkins-Chicago-IL.html/
Meghan L. Roekle	https://www.ratemds.com/doctor-ratings/2613420/Dr-MEGHAN+L.-ROEKLE-Skokie-IL.html/
Chia Lun Chung	https://www.ratemds.com/doctor-ratings/2614063/Dr-CHIA+LUN-CHUNG-Chicago-IL.html/
Kelly S. Ray	https://www.ratemds.com/doctor-ratings/2614229/Dr-KELLY+S.-RAY-Evanston-IL.html/
Dr. Vinod N. Alluri	https://www.ratemds.com/doctor-ratings/2614316/Dr-VINOD+N.-ALLURI-Springfield-IL.html/
Sarah K. Rosenbloom	https://www.ratemds.com/doctor-ratings/2614518/Dr-SARAH+K.-ROSENBLOOM-Chicago-IL.html/
Ronald P. Graef	https://www.ratemds.com/doctor-ratings/2615436/Dr-RONALD+P.-GRAEF-Glenview-IL.html/
Julie Chodacki	https://www.ratemds.com/doctor-ratings/2616929/Dr-JULIE-CHODACKI-Chicago-IL.html/
James M. Weiner	https://www.ratemds.com/doctor-ratings/2616964/Dr-JAMES+M.-WEINER-CHICAGO-IL.html/
Kyle J. Cushing	https://www.ratemds.com/doctor-ratings/2617476/Dr-KYLE+J.-CUSHING-ROCKFORD-IL.html/
Carolyn J. Friend	https://www.ratemds.com/doctor-ratings/2617669/Dr-CAROLYN+J.-FRIEND-Chicago-IL.html/
Dr. Bharathi Marri	https://www.ratemds.com/doctor-ratings/2617686/Dr-BHARATHI-MARRI-CHICAGO-IL.html/
John A. Friedman	https://www.ratemds.com/doctor-ratings/2618102/Dr-JOHN+A.-FRIEDMAN-Chicago-IL.html/
James G. Gioia	https://www.ratemds.com/doctor-ratings/2620034/Dr-JAMES+G.-GIOIA-WHEATON-IL.html/
Ann W. Washington	https://www.ratemds.com/doctor-ratings/2620634/Dr-ANN+W.-WASHINGTON-Chicago-IL.html/
Dr. Chung K. Chen	https://www.ratemds.com/doctor-ratings/2621244/Dr-CHUNG+K.-CHEN-Chicago-IL.html/
Mary M. Keil	https://www.ratemds.com/doctor-ratings/2622224/Dr-MARY+M.-KEIL-Peoria-IL.html/
Diane N. Rosenbaum	https://www.ratemds.com/doctor-ratings/2622275/Dr-DIANE+N.-ROSENBAUM-Chicago-IL.html/
Christina Miksis	https://www.ratemds.com/doctor-ratings/2622494/Dr-CHRISTINA-MIKSIS-Arlington+Heights-IL.html/
Mark G. Jiaras	https://www.ratemds.com/doctor-ratings/2622681/Dr-MARK+G.-JIARAS-Chicago-IL.html/
Dr. Ashok K. GUPTA	https://www.ratemds.com/doctor-ratings/2622904/Dr-Ashok+K.-GUPTA-Wheaton-IL.html/
Janine M. Goldstein	https://www.ratemds.com/doctor-ratings/2623528/Dr-JANINE+M.-GOLDSTEIN-Waukegan-IL.html/
Alice M. Bernstein	https://www.ratemds.com/doctor-ratings/2623778/Dr-ALICE+M.-BERNSTEIN-Chicago-IL.html/
Thomas P. BRENNAN	https://www.ratemds.com/doctor-ratings/2624197/Dr-Thomas+P.-BRENNAN-Chicago-IL.html/
Maricela Soto	https://www.ratemds.com/doctor-ratings/2624408/Dr-MARICELA-SOTO-Chicago-IL.html/
William R. Aber	https://www.ratemds.com/doctor-ratings/2625376/Dr-WILLIAM+R.-ABER-CHICAGO-IL.html/
Rulon O. Gibson	https://www.ratemds.com/doctor-ratings/2625717/Dr-RULON+O.-GIBSON-Naperville-IL.html/
Dr. Thomas B. Owley	https://www.ratemds.com/doctor-ratings/2626203/Dr-THOMAS+B.-OWLEY-Chicago-IL.html/
Dr. Edwin H. Cook	https://www.ratemds.com/doctor-ratings/2626305/Dr-EDWIN+H.-COOK-Chicago-IL.html/
Brian T. Madvig	https://www.ratemds.com/doctor-ratings/2626321/Dr-BRIAN+T.-MADVIG-Wheaton-IL.html/
Neil Pliskin	https://www.ratemds.com/doctor-ratings/2626327/Dr-NEIL-PLISKIN-Chicago-IL.html/
Scott D. Pytluk	https://www.ratemds.com/doctor-ratings/2626385/Dr-SCOTT+D.-PYTLUK-Chicago-IL.html/
Dr. Nancy T. Dassoff	https://www.ratemds.com/doctor-ratings/2627038/Dr-NANCY+T.-DASSOFF-OAK+PARK-IL.html/
Eleanor B. Coe	https://www.ratemds.com/doctor-ratings/2627349/Dr-ELEANOR+B.-COE-CHICAGO-IL.html/
Dr. Crystal SMITH	https://www.ratemds.com/doctor-ratings/2627559/Dr-Crystal-SMITH-Chicago-IL.html/
Brett W. Fry	https://www.ratemds.com/doctor-ratings/2627562/Dr-BRETT+W.-FRY-Chicago-IL.html/
Karen Y. Douglass	https://www.ratemds.com/doctor-ratings/2628173/Dr-KAREN+Y.-DOUGLASS-Chicago-IL.html/
Gail Osterman	https://www.ratemds.com/doctor-ratings/2628410/Dr-GAIL-OSTERMAN-Chicago-IL.html/
Dr. Marilyn Kraus	https://www.ratemds.com/doctor-ratings/2629075/Dr-MARILYN-KRAUS-Chicago-IL.html/
Paul D. Wadler	https://www.ratemds.com/doctor-ratings/2629574/Dr-PAUL+D.-WADLER-Chicago-IL.html/
Daniel H. Friedman	https://www.ratemds.com/doctor-ratings/2630744/Dr-DANIEL+H.-FRIEDMAN-Chicago-IL.html/
Dr. Jolly C. Anand	https://www.ratemds.com/doctor-ratings/2630830/Dr-JOLLY+C.-ANAND-Chicago-IL.html/
Susan F. Mcclanahan	https://www.ratemds.com/doctor-ratings/2631802/Dr-SUSAN+F.-MCCLANAHAN-Chicago-IL.html/
Dr. Jerry Gibbons	https://www.ratemds.com/doctor-ratings/2633295/Dr-JERRY-GIBBONS-Chicago-IL.html/
Mary Larson	https://www.ratemds.com/doctor-ratings/2633712/Dr-MARY-LARSON-Evanston-IL.html/
Dr. Duke J. Ruktanonchai	https://www.ratemds.com/doctor-ratings/2634086/Dr-DUKE+J.-RUKTANONCHAI-Wheaton-IL.html/
Keena Peek	https://www.ratemds.com/doctor-ratings/2634168/Dr-KEENA-PEEK-Naperville-IL.html/
Janell R. Hart	https://www.ratemds.com/doctor-ratings/2634506/Dr-JANELL+R.-HART-Downers+Grove-IL.html/
Kyle V. Hunneke	https://www.ratemds.com/doctor-ratings/2635097/Dr-KYLE+V.-HUNNEKE-EVANSTON-IL.html/
Robert Phillips	https://www.ratemds.com/doctor-ratings/2636549/Dr-ROBERT-PHILLIPS-Chicago-IL.html/
Cheryl Scallon	https://www.ratemds.com/doctor-ratings/2637565/Dr-CHERYL-SCALLON-Orland+Park-IL.html/
Susan V. Sances	https://www.ratemds.com/doctor-ratings/2638640/Dr-SUSAN+V.-SANCES-Chicago-IL.html/
Dr. Karlene Goodman	https://www.ratemds.com/doctor-ratings/2638815/Dr-KARLENE-GOODMAN-CHICAGO-IL.html/
Trudy L. Good	https://www.ratemds.com/doctor-ratings/2639130/Dr-TRUDY+L.-GOOD-Champaign-IL.html/
Ivonne H. Hobfoll	https://www.ratemds.com/doctor-ratings/2640488/Dr-IVONNE+H.-HOBFOLL-Chicago-IL.html/
Daniel J. Moran	https://www.ratemds.com/doctor-ratings/2640940/Dr-DANIEL+J.-MORAN-Joliet-IL.html/
Michael KAPLAN	https://www.ratemds.com/doctor-ratings/2641200/Dr-Michael-KAPLAN-Chicago-IL.html/
Alan T. HIRSCH	https://www.ratemds.com/doctor-ratings/2641639/Dr-Alan+T.-HIRSCH-CHICAGO-IL.html/
Donna M. Marino	https://www.ratemds.com/doctor-ratings/2642818/Dr-DONNA+M.-MARINO-Oak+Park-IL.html/
Harry Kent	https://www.ratemds.com/doctor-ratings/2643016/Dr-HARRY-KENT-Elgin-IL.html/
Dr. Sydney Eisen	https://www.ratemds.com/doctor-ratings/2643060/Dr-SYDNEY-EISEN-CHICAGO-IL.html/
Rana Gordon	https://www.ratemds.com/doctor-ratings/2643176/Dr-RANA-GORDON-Evanston-IL.html/
Sam R. Hamburg	https://www.ratemds.com/doctor-ratings/2643510/Dr-SAM+R.-HAMBURG-Chicago-IL.html/
Robert A. BERRY	https://www.ratemds.com/doctor-ratings/2644090/Dr-Robert+A.-BERRY-Chicago-IL.html/
Steven G. Zecker	https://www.ratemds.com/doctor-ratings/2644496/Dr-STEVEN+G.-ZECKER-Evanston-IL.html/
Dr. Samuel Weiss	https://www.ratemds.com/doctor-ratings/2645435/Dr-SAMUEL-WEISS-CHICAGO-IL.html/
Robert Switzer	https://www.ratemds.com/doctor-ratings/2646966/Dr-ROBERT-SWITZER-Chicago-IL.html/
Erika Lund	https://www.ratemds.com/doctor-ratings/2647393/Dr-ERIKA-LUND-Chicago-IL.html/
Eric Van Denburg	https://www.ratemds.com/doctor-ratings/2647824/Dr-ERIC-VAN+DENBURG-CHICAGO-IL.html/
Carol J. Rogalski	https://www.ratemds.com/doctor-ratings/2647953/Dr-CAROL+J.-ROGALSKI-Chicago-IL.html/
Michael J. Stevens	https://www.ratemds.com/doctor-ratings/2648140/Dr-MICHAEL+J.-STEVENS-Bloomington-IL.html/
Dr. Stephen Noronha	https://www.ratemds.com/doctor-ratings/2648329/Dr-STEPHEN-NORONHA-CHICAGO-IL.html/
Dawn M. Collins	https://www.ratemds.com/doctor-ratings/2648390/Dr-DAWN+M.-COLLINS-Evanston-IL.html/
Daniel S. Zomchek	https://www.ratemds.com/doctor-ratings/2648391/Dr-DANIEL+S.-ZOMCHEK-Chicago-IL.html/
Dr. Anand Kumar	https://www.ratemds.com/doctor-ratings/2649240/Dr-ANAND-KUMAR-Chicago-IL.html/
Joseph C. Yount	https://www.ratemds.com/doctor-ratings/2649669/Dr-JOSEPH+C.-YOUNT-Chicago-IL.html/
Dr. Mohamed Hassan	https://www.ratemds.com/doctor-ratings/2650030/Dr-MOHAMED-HASSAN-CHICAGO-IL.html/
Dr. Terri W. Smith	https://www.ratemds.com/doctor-ratings/2650109/Dr-TERRI+W.-SMITH-DECATUR-IL.html/
Judy L. Wilson	https://www.ratemds.com/doctor-ratings/2650205/Dr-JUDY+L.-WILSON-Naperville-IL.html/
Gerald A. Blechman	https://www.ratemds.com/doctor-ratings/2651175/Dr-GERALD+A.-BLECHMAN-Wheaton-IL.html/
Leroy R. HALL	https://www.ratemds.com/doctor-ratings/2651668/Dr-Leroy+R.-HALL-Decatur-IL.html/
Susan E. Minyard	https://www.ratemds.com/doctor-ratings/2652456/Dr-SUSAN+E.-MINYARD-Champaign-IL.html/
Dr. William B. Mahoney	https://www.ratemds.com/doctor-ratings/2654353/Dr-WILLIAM+B.-MAHONEY-Chicago-IL.html/
Dr. Peter Weiden	https://www.ratemds.com/doctor-ratings/2655393/Dr-PETER-WEIDEN-Chicago-IL.html/
S. Ann Hartlage	https://www.ratemds.com/doctor-ratings/2655879/Dr-S.+ANN-HARTLAGE-Chicago-IL.html/
Theodora H. Price	https://www.ratemds.com/doctor-ratings/2656271/Dr-THEODORA+H.-PRICE-Bolingbrook-IL.html/
Dr. David F. Cella	https://www.ratemds.com/doctor-ratings/2657805/Dr-DAVID+F.-CELLA-EVANSTON-IL.html/
Anne H. Wright	https://www.ratemds.com/doctor-ratings/2658770/Dr-ANNE+H.-WRIGHT-Chicago-IL.html/
Dr. Lisa Polsby	https://www.ratemds.com/doctor-ratings/2659115/Dr-LISA-POLSBY-Chicago-IL.html/
Joel S. Richman	https://www.ratemds.com/doctor-ratings/2660163/Dr-JOEL+S.-RICHMAN-Hoffman+Estates-IL.html/
Andrew C. Mcleod	https://www.ratemds.com/doctor-ratings/2660588/Dr-ANDREW+C.-MCLEOD-Chicago-IL.html/
Rebecca Wildeisen-Ehrke	https://www.ratemds.com/doctor-ratings/2661085/Dr-REBECCA-WILDEISEN-EHRKE-NAPERVILLE-IL.html/
Joan M. Durlacher	https://www.ratemds.com/doctor-ratings/2664279/Dr-JOAN+M.-DURLACHER-Arlington+Heights-IL.html/
Dr. Jed A. Haake	https://www.ratemds.com/doctor-ratings/2664928/Dr-JED+A.-HAAKE-Chicago-IL.html/
Tracy P. Leung	https://www.ratemds.com/doctor-ratings/2667412/Dr-TRACY+P.-LEUNG-NAPERVILLE-IL.html/
Barry C. Lipin	https://www.ratemds.com/doctor-ratings/2668212/Dr-BARRY+C.-LIPIN-Schaumburg-IL.html/
Dr. Jinger G. Hoop	https://www.ratemds.com/doctor-ratings/2668881/Dr-JINGER+G.-HOOP-CHICAGO-IL.html/
Dr. Zehra I. Rowjee	https://www.ratemds.com/doctor-ratings/2670043/Dr-ZEHRA+I.-ROWJEE-Glenview-IL.html/
Gisela M. Booth	https://www.ratemds.com/doctor-ratings/2670713/Dr-GISELA+M.-BOOTH-Chicago-IL.html/
Gayle V. Callahan	https://www.ratemds.com/doctor-ratings/2670815/Dr-GAYLE+V.-CALLAHAN-Peoria-IL.html/
Linda Y. Dods	https://www.ratemds.com/doctor-ratings/2670899/Dr-LINDA+Y.-DODS-Palatine-IL.html/
Rudolf G. Breitmeyer	https://www.ratemds.com/doctor-ratings/2670907/Dr-RUDOLF+G.-BREITMEYER-Peoria-IL.html/
Dr. Alain E. Decastro	https://www.ratemds.com/doctor-ratings/2671050/Dr-ALAIN+E.-DECASTRO-Skokie-IL.html/
Laura L. Lerner	https://www.ratemds.com/doctor-ratings/2671198/Dr-LAURA+L.-LERNER-Oak+Park-IL.html/
Jeanine R. Standard	https://www.ratemds.com/doctor-ratings/2671299/Dr-JEANINE+R.-STANDARD-Peoria-IL.html/
Roy W. Carlson	https://www.ratemds.com/doctor-ratings/2671460/Dr-ROY+W.-CARLSON-Chicago-IL.html/
Michael F. FLYNN	https://www.ratemds.com/doctor-ratings/2671803/Dr-Michael+F.-FLYNN-Chicago-IL.html/
Dr. Jerry L. DOUGLAS	https://www.ratemds.com/doctor-ratings/2673436/Dr-Jerry+L.-DOUGLAS-DECATUR-IL.html/
Mary Kay Berres	https://www.ratemds.com/doctor-ratings/2673480/Dr-MARY+KAY-BERRES-Naperville-IL.html/
Jane H. Walker	https://www.ratemds.com/doctor-ratings/2675045/Dr-JANE+H.-WALKER-NAPERVILLE-IL.html/
Daniel Guerrera	https://www.ratemds.com/doctor-ratings/2675330/Dr-DANIEL-GUERRERA-CHICAGO-IL.html/
Dr. Myrtle H. Mason	https://www.ratemds.com/doctor-ratings/2675333/Dr-MYRTLE+H.-MASON-Chicago-IL.html/
Carolyn G. Burns	https://www.ratemds.com/doctor-ratings/2675742/Dr-CAROLYN+G.-BURNS-ORLAND+PARK-IL.html/
Dr. Roselin Arunachalam	https://www.ratemds.com/doctor-ratings/2676638/Dr-ROSELIN-ARUNACHALAM-Champaign-IL.html/
Richard W. Ackley	https://www.ratemds.com/doctor-ratings/2677583/Dr-RICHARD+W.-ACKLEY-Oak+Park-IL.html/
Michael HOROWITZ	https://www.ratemds.com/doctor-ratings/2678730/Dr-Michael-HOROWITZ-Evanston-IL.html/
Janice S. Friedman	https://www.ratemds.com/doctor-ratings/2678778/Dr-JANICE+S.-FRIEDMAN-Chicago-IL.html/
Mark J. Zerwic	https://www.ratemds.com/doctor-ratings/2680085/Dr-MARK+J.-ZERWIC-Chicago-IL.html/
John C. Benitez	https://www.ratemds.com/doctor-ratings/2681852/Dr-JOHN+C.-BENITEZ-Chicago-IL.html/
Robbyn G. Jackson	https://www.ratemds.com/doctor-ratings/2683237/Dr-ROBBYN+G.-JACKSON-Chicago-IL.html/
Ann M. Sauer	https://www.ratemds.com/doctor-ratings/2684243/Dr-ANN+M.-SAUER-Aurora-IL.html/
Dr. Luz B. Cuaresma	https://www.ratemds.com/doctor-ratings/2684403/Dr-LUZ+B.-CUARESMA-Chicago-IL.html/
Dr. Cheryl N. Carmin	https://www.ratemds.com/doctor-ratings/2686484/Dr-CHERYL+N.-CARMIN-Chicago-IL.html/
Dr. Prakash N. DESAI	https://www.ratemds.com/doctor-ratings/2686521/Dr-Prakash+N.-DESAI-Chicago-IL.html/
Anthony O'Connell	https://www.ratemds.com/doctor-ratings/2687576/Dr-ANTHONY-O&apos;CONNELL-Chicago-IL.html/
Dr. Jerome A. Winer	https://www.ratemds.com/doctor-ratings/2688466/Dr-JEROME+A.-WINER-Chicago-IL.html/
Paula C. Castillo	https://www.ratemds.com/doctor-ratings/2688520/Dr-PAULA+C.-CASTILLO-Chicago-IL.html/
Merle Holland	https://www.ratemds.com/doctor-ratings/2688699/Dr-MERLE-HOLLAND-Evanston-IL.html/
Dr. Henry W. Dove	https://www.ratemds.com/doctor-ratings/2688788/Dr-HENRY+W.-DOVE-Chicago-IL.html/
Dr. Tanya R. Anderson	https://www.ratemds.com/doctor-ratings/2688806/Dr-TANYA+R.-ANDERSON-Chicago-IL.html/
Scott J. Ambers	https://www.ratemds.com/doctor-ratings/2689256/Dr-SCOTT+J.-AMBERS-Chicago-IL.html/
Joseph E. Cullen	https://www.ratemds.com/doctor-ratings/2689573/Dr-JOSEPH+E.-CULLEN-Arlington+Hts-IL.html/
Dr. Cynthia Thompson-Berry	https://www.ratemds.com/doctor-ratings/2689981/Dr-CYNTHIA-THOMPSON-BERRY-Chicago-IL.html/
Lindy Meyer	https://www.ratemds.com/doctor-ratings/2690707/Dr-LINDY-MEYER-Arlington+Hts-IL.html/
Mark A. Bakal	https://www.ratemds.com/doctor-ratings/2691076/Dr-MARK+A.-BAKAL-SCHAUMBURG-IL.html/
James E. Myers	https://www.ratemds.com/doctor-ratings/2691628/Dr-JAMES+E.-MYERS-Springfield-IL.html/
Sharon Nisius	https://www.ratemds.com/doctor-ratings/2691875/Dr-SHARON-NISIUS-Schaumburg-IL.html/
Aoife L. Lyons	https://www.ratemds.com/doctor-ratings/2692469/Dr-AOIFE+L.-LYONS-Chicago-IL.html/
Julie G. Wrenn	https://www.ratemds.com/doctor-ratings/2693511/Dr-JULIE+G.-WRENN-CHICAGO-IL.html/
Tim SHANNON	https://www.ratemds.com/doctor-ratings/2694002/Dr-Tim-SHANNON-Bloomington-IL.html/
Therese Finn	https://www.ratemds.com/doctor-ratings/2696816/Dr-THERESE-FINN-Chicago-IL.html/
Elizabeth Auer	https://www.ratemds.com/doctor-ratings/2697127/Dr-ELIZABETH-AUER-Chicago-IL.html/
Michele Miner	https://www.ratemds.com/doctor-ratings/2697526/Dr-MICHELE-MINER-Arlington+Heights-IL.html/
Dr. Anjum N. KHAJA	https://www.ratemds.com/doctor-ratings/2698541/Dr-Anjum+N.-KHAJA-Chicago-IL.html/
Susan M. Solovy	https://www.ratemds.com/doctor-ratings/2698612/Dr-SUSAN+M.-SOLOVY-Evanston-IL.html/
Dr. Rajiv P. Sharma	https://www.ratemds.com/doctor-ratings/2701149/Dr-RAJIV+P.-SHARMA-Chicago-IL.html/
Dr. Scot K. HILL	https://www.ratemds.com/doctor-ratings/2702449/Dr-Scot+K.-HILL-Chicago-IL.html/
Lawrence E. Gorski	https://www.ratemds.com/doctor-ratings/2702928/Dr-LAWRENCE+E.-GORSKI-Joliet-IL.html/
Dr. Pradip Sethi	https://www.ratemds.com/doctor-ratings/2704651/Dr-PRADIP-SETHI-ELGIN-IL.html/
Yvonne F. Irvin	https://www.ratemds.com/doctor-ratings/2705008/Dr-YVONNE+F.-IRVIN-Joliet-IL.html/
Kin C. Kong	https://www.ratemds.com/doctor-ratings/2705302/Dr-KIN+C.-KONG-Chicago-IL.html/
Felicitas S. Sebastian	https://www.ratemds.com/doctor-ratings/2705439/Dr-FELICITAS+S.-SEBASTIAN-Bloomington-IL.html/
Daniel J. Hynan	https://www.ratemds.com/doctor-ratings/2705766/Dr-DANIEL+J.-HYNAN-Naperville-IL.html/
Hector L. Torres	https://www.ratemds.com/doctor-ratings/2705887/Dr-HECTOR+L.-TORRES-Chicago-IL.html/
Dr. Semone West	https://www.ratemds.com/doctor-ratings/2706235/Dr-SEMONE-WEST-Chicago-IL.html/
Jackie Gollan	https://www.ratemds.com/doctor-ratings/2707413/Dr-JACKIE-GOLLAN-Chicago-IL.html/
John G. Miller	https://www.ratemds.com/doctor-ratings/2708573/Dr-JOHN+G.-MILLER-Springfield-IL.html/
Betsy E. Tolstedt	https://www.ratemds.com/doctor-ratings/2708769/Dr-BETSY+E.-TOLSTEDT-Evanston-IL.html/
Dr. Gene N. Combs	https://www.ratemds.com/doctor-ratings/2710437/Dr-GENE+N.-COMBS-Glenview-IL.html/
Vincent Gambino	https://www.ratemds.com/doctor-ratings/2710476/Dr-VINCENT-GAMBINO-Naperville-IL.html/
Jean Gillespie	https://www.ratemds.com/doctor-ratings/2710477/Dr-JEAN-GILLESPIE-Champaign-IL.html/
Elizabeth THOMPSON	https://www.ratemds.com/doctor-ratings/2710823/Dr-Elizabeth-THOMPSON-Arlington+Hts-IL.html/
Mark JORDAN	https://www.ratemds.com/doctor-ratings/2711191/Dr-Mark-JORDAN-Chicago-IL.html/
M. Mark Mckee	https://www.ratemds.com/doctor-ratings/2711282/Dr-M.+MARK-MCKEE-NAPERVILLE-IL.html/
Carolbeth Shansky	https://www.ratemds.com/doctor-ratings/2711475/Dr-CAROLBETH-SHANSKY-CHICAGO-IL.html/
Marlene Krupa	https://www.ratemds.com/doctor-ratings/2711588/Dr-MARLENE-KRUPA-CHICAGO-IL.html/
Lisa A. Sanchez-Johnsen	https://www.ratemds.com/doctor-ratings/2711603/Dr-LISA+A.-SANCHEZ-JOHNSEN-Chicago-IL.html/
Sally Witt	https://www.ratemds.com/doctor-ratings/2712630/Dr-SALLY-WITT-Arlington+Heights-IL.html/
Judith Iglarsh	https://www.ratemds.com/doctor-ratings/2714372/Dr-JUDITH-IGLARSH-Arlington+Heights-IL.html/
Amy E. Stearns	https://www.ratemds.com/doctor-ratings/2714747/Dr-AMY+E.-STEARNS-Oak+Park-IL.html/
Laura Rabinowicz	https://www.ratemds.com/doctor-ratings/2714854/Dr-LAURA-RABINOWICZ-Arlington+Heights-IL.html/
Katherine S. Metres	https://www.ratemds.com/doctor-ratings/2715137/Dr-KATHERINE+S.-METRES-EVANSTON-IL.html/
Dr. Eric C. Schieber	https://www.ratemds.com/doctor-ratings/2715572/Dr-ERIC+C.-SCHIEBER-CHICAGO-IL.html/
Margot G. Mahan	https://www.ratemds.com/doctor-ratings/2715859/Dr-MARGOT+G.-MAHAN-NAPERVILLE-IL.html/
Mark H. Sherman	https://www.ratemds.com/doctor-ratings/2716258/Dr-MARK+H.-SHERMAN-Chicago-IL.html/
Jodi Shannahan	https://www.ratemds.com/doctor-ratings/2716345/Dr-JODI-SHANNAHAN-Glenview-IL.html/
Mary V. Speno	https://www.ratemds.com/doctor-ratings/2716518/Dr-MARY+V.-SPENO-Arlington+Heights-IL.html/
Edward L. Mahoney	https://www.ratemds.com/doctor-ratings/2716960/Dr-EDWARD+L.-MAHONEY-Orland+Park-IL.html/
James M. Viggiano	https://www.ratemds.com/doctor-ratings/2717810/Dr-JAMES+M.-VIGGIANO-Rockford-IL.html/
Megan K. Null	https://www.ratemds.com/doctor-ratings/2718137/Dr-MEGAN+K.-NULL-Chicago-IL.html/
Charles E. Smith	https://www.ratemds.com/doctor-ratings/2718264/Dr-CHARLES+E.-SMITH-Arlington+Heights-IL.html/
Shellie Kruchko	https://www.ratemds.com/doctor-ratings/2718329/Dr-SHELLIE-KRUCHKO-CHICAGO-IL.html/
Joseph M. Behen	https://www.ratemds.com/doctor-ratings/2719075/Dr-JOSEPH+M.-BEHEN-Chicago-IL.html/
Kevin Kukoleck	https://www.ratemds.com/doctor-ratings/2720044/Dr-KEVIN-KUKOLECK-CHICAGO-IL.html/
Stevan E. Hobfoll	https://www.ratemds.com/doctor-ratings/2720742/Dr-STEVAN+E.-HOBFOLL-Chicago-IL.html/
James E. Galezewski	https://www.ratemds.com/doctor-ratings/2722216/Dr-JAMES+E.-GALEZEWSKI-CHICAGO-IL.html/
Dr. Wayne Kelly	https://www.ratemds.com/doctor-ratings/2725054/Dr-WAYNE-KELLY-PALATINE-IL.html/
Dr. Michael A. SOLOMON	https://www.ratemds.com/doctor-ratings/2725176/Dr-Michael+A.-SOLOMON-Chicago-IL.html/
Christopher P. Chroniak	https://www.ratemds.com/doctor-ratings/2725554/Dr-CHRISTOPHER+P.-CHRONIAK-Chicago-IL.html/
Donald R. PEARSON	https://www.ratemds.com/doctor-ratings/2726379/Dr-Donald+R.-PEARSON-Rockford-IL.html/
Karen R. Chroniak	https://www.ratemds.com/doctor-ratings/2727132/Dr-KAREN+R.-CHRONIAK-Chicago-IL.html/
Laurel R. Erickson	https://www.ratemds.com/doctor-ratings/2727655/Dr-LAUREL+R.-ERICKSON-Wheaton-IL.html/
Daniel S. Kirschenbaum	https://www.ratemds.com/doctor-ratings/2727944/Dr-DANIEL+S.-KIRSCHENBAUM-Chicago-IL.html/
Cheryl L. Mejta	https://www.ratemds.com/doctor-ratings/2727988/Dr-CHERYL+L.-MEJTA-Chicago-IL.html/
Lynne I. Wagner	https://www.ratemds.com/doctor-ratings/2729185/Dr-LYNNE+I.-WAGNER-Chicago-IL.html/
Charles Sloan	https://www.ratemds.com/doctor-ratings/2731647/Dr-CHARLES-SLOAN-ORLAND+PARK-IL.html/
Larry E. Baldwin	https://www.ratemds.com/doctor-ratings/2735108/Dr-LARRY+E.-BALDWIN-Chicago-IL.html/
Jodi N. Harap	https://www.ratemds.com/doctor-ratings/2735960/Dr-JODI+N.-HARAP-Schaumburg-IL.html/
Jerome J. Wilczynski	https://www.ratemds.com/doctor-ratings/2736390/Dr-JEROME+J.-WILCZYNSKI-Chicago-IL.html/
Susan N. Payvar	https://www.ratemds.com/doctor-ratings/2743668/Dr-SUSAN+N.-PAYVAR-CHICAGO-IL.html/
Lori L. Hall	https://www.ratemds.com/doctor-ratings/2744291/Dr-LORI+L.-HALL-Chicago-IL.html/
Patrick B. MCGRATH	https://www.ratemds.com/doctor-ratings/2745595/Dr-Patrick+B.-MCGRATH-HOFFMAN+ESTATES-IL.html/
Harvey M. Wolf	https://www.ratemds.com/doctor-ratings/2746464/Dr-HARVEY+M.-WOLF-Arlington+Hts-IL.html/
Martha S. Stamper	https://www.ratemds.com/doctor-ratings/2746686/Dr-MARTHA+S.-STAMPER-Schaumburg-IL.html/
Kirk P. Alley	https://www.ratemds.com/doctor-ratings/2746731/Dr-KIRK+P.-ALLEY-Downers+Grove-IL.html/
Mary S. Lafferty	https://www.ratemds.com/doctor-ratings/2748198/Dr-MARY+S.-LAFFERTY-Evanston-IL.html/
Dr. Bradley J. Gordon	https://www.ratemds.com/doctor-ratings/2748720/Dr-BRADLEY+J.-GORDON-CHICAGO-IL.html/
Bernard Golden	https://www.ratemds.com/doctor-ratings/2750532/Dr-BERNARD-GOLDEN-Chicago-IL.html/
Dr. Fedra Najjar	https://www.ratemds.com/doctor-ratings/2750619/Dr-FEDRA-NAJJAR-Chicago-IL.html/
Dawn Levitan	https://www.ratemds.com/doctor-ratings/2752764/Dr-DAWN-LEVITAN-Rockford-IL.html/
Margit E. Kir Stimon	https://www.ratemds.com/doctor-ratings/2753063/Dr-MARGIT+E.-KIR+STIMON-Chicago-IL.html/
Jean K. Carney	https://www.ratemds.com/doctor-ratings/2753773/Dr-JEAN+K.-CARNEY-Chicago-IL.html/
Dr. Riaz Baber	https://www.ratemds.com/doctor-ratings/2754544/Dr-RIAZ-BABER-NAPERVILLE-IL.html/
Dr. U. Nalla Durai	https://www.ratemds.com/doctor-ratings/2755341/Dr-U.+NALLA-DURAI-Chicago-IL.html/
Mary M. Goebel	https://www.ratemds.com/doctor-ratings/2755539/Dr-MARY+M.-GOEBEL-Naperville-IL.html/
Dr. Yosef Hakimi	https://www.ratemds.com/doctor-ratings/2757380/Dr-YOSEF-HAKIMI-Evanston-IL.html/
Robert Craig	https://www.ratemds.com/doctor-ratings/2757949/Dr-ROBERT-CRAIG-CHICAGO-IL.html/
Eugene P. Holmes	https://www.ratemds.com/doctor-ratings/2758520/Dr-EUGENE+P.-HOLMES-Orland+Park-IL.html/
Dr. Angeles R. Gonzalez	https://www.ratemds.com/doctor-ratings/2759427/Dr-ANGELES+R.-GONZALEZ-Chicago-IL.html/
Dr. Frank Delaurentis	https://www.ratemds.com/doctor-ratings/2760082/Dr-FRANK-DELAURENTIS-ORLAND+PARK-IL.html/
Sybil G. Hosek	https://www.ratemds.com/doctor-ratings/2762455/Dr-SYBIL+G.-HOSEK-Chicago-IL.html/
Henry K. Errek	https://www.ratemds.com/doctor-ratings/2762769/Dr-HENRY+K.-ERREK-Orland+Park-IL.html/
Claudia J. Haas	https://www.ratemds.com/doctor-ratings/2763109/Dr-CLAUDIA+J.-HAAS-Wheaton-IL.html/
Ellen M. Keating	https://www.ratemds.com/doctor-ratings/2764973/Dr-ELLEN+M.-KEATING-Wheaton-IL.html/
David Greenberg	https://www.ratemds.com/doctor-ratings/2765177/Dr-DAVID-GREENBERG-CHICAGO-IL.html/
Brian L. Ragsdale	https://www.ratemds.com/doctor-ratings/2765681/Dr-BRIAN+L.-RAGSDALE-Chicago-IL.html/
Cindy J. Forster	https://www.ratemds.com/doctor-ratings/2765991/Dr-CINDY+J.-FORSTER-CHICAGO-IL.html/
Nancy E. Rivas	https://www.ratemds.com/doctor-ratings/2766650/Dr-NANCY+E.-RIVAS-Wheaton-IL.html/
Dr. Meyer Gunther	https://www.ratemds.com/doctor-ratings/2766745/Dr-MEYER-GUNTHER-CHICAGO-IL.html/
Susan E. Yount	https://www.ratemds.com/doctor-ratings/2767392/Dr-SUSAN+E.-YOUNT-Evanston-IL.html/
Larry M. Small	https://www.ratemds.com/doctor-ratings/2768499/Dr-LARRY+M.-SMALL-CHICAGO-IL.html/
Paul J. MULLEN	https://www.ratemds.com/doctor-ratings/2769420/Dr-Paul+J.-MULLEN-Wheaton-IL.html/
James W. Anderson	https://www.ratemds.com/doctor-ratings/2770108/Dr-JAMES+W.-ANDERSON-Chicago-IL.html/
Deborah M. Zuskar	https://www.ratemds.com/doctor-ratings/2770550/Dr-DEBORAH+M.-ZUSKAR-Chicago-IL.html/
Anthony Perino	https://www.ratemds.com/doctor-ratings/2770684/Dr-ANTHONY-PERINO-PEORIA-IL.html/
Gary R. Dec	https://www.ratemds.com/doctor-ratings/2771076/Dr-GARY+R.-DEC-Wheaton-IL.html/
Shelley Gregg	https://www.ratemds.com/doctor-ratings/2771098/Dr-SHELLEY-GREGG-Peoria-IL.html/
Eric Ward	https://www.ratemds.com/doctor-ratings/2771149/Dr-ERIC-WARD-PEORIA-IL.html/
Robert Glazeski	https://www.ratemds.com/doctor-ratings/2771169/Dr-ROBERT-GLAZESKI-Peoria-IL.html/
Sohee Lee	https://www.ratemds.com/doctor-ratings/2771189/Dr-SOHEE-LEE-Peoria-IL.html/
Sandra A. Burkhardt	https://www.ratemds.com/doctor-ratings/2771431/Dr-SANDRA+A.-BURKHARDT-Orland+Park-IL.html/
Dr. Rodney Kingston	https://www.ratemds.com/doctor-ratings/2772217/Dr-RODNEY-KINGSTON-DECATUR-IL.html/
Rachel M. Ward	https://www.ratemds.com/doctor-ratings/2773046/Dr-RACHEL+M.-WARD-Rockford-IL.html/
Dr. Mohana K. Naidu	https://www.ratemds.com/doctor-ratings/2773141/Dr-MOHANA+K.-NAIDU-Schaumburg-IL.html/
Dr. Syed H. ANWAR	https://www.ratemds.com/doctor-ratings/2773145/Dr-Syed+H.-ANWAR-Elgin-IL.html/
Brian Zercher	https://www.ratemds.com/doctor-ratings/2774459/Dr-BRIAN-ZERCHER-Schaumburg-IL.html/
Patricia M. Ripp	https://www.ratemds.com/doctor-ratings/2774653/Dr-PATRICIA+M.-RIPP-Schaumburg-IL.html/
Tari K. Turpin	https://www.ratemds.com/doctor-ratings/2774711/Dr-TARI+K.-TURPIN-Naperville-IL.html/
Deborah H. Stern	https://www.ratemds.com/doctor-ratings/2774759/Dr-DEBORAH+H.-STERN-Oak+Park-IL.html/
Dr. Nelson D. Sanchez	https://www.ratemds.com/doctor-ratings/2776182/Dr-NELSON+D.-SANCHEZ-CHICAGO-IL.html/
Fred Levin	https://www.ratemds.com/doctor-ratings/2776618/Dr-FRED-LEVIN-CHICAGO-IL.html/
Jan E. Stout	https://www.ratemds.com/doctor-ratings/2776672/Dr-JAN+E.-STOUT-Chicago-IL.html/
Dale M. Moyer	https://www.ratemds.com/doctor-ratings/2777012/Dr-DALE+M.-MOYER-Chicago-IL.html/
Lea Sevier	https://www.ratemds.com/doctor-ratings/2777526/Dr-LEA-SEVIER-Chicago-IL.html/
Lisa R. Grossman	https://www.ratemds.com/doctor-ratings/2777991/Dr-LISA+R.-GROSSMAN-Chicago-IL.html/
Jill L. Schoeneman-Parker	https://www.ratemds.com/doctor-ratings/2778694/Dr-JILL+L.-SCHOENEMAN-PARKER-ARLINGTON+HEIGHTS-IL.html/
Julie A. Xiques-Prieto	https://www.ratemds.com/doctor-ratings/2779067/Dr-JULIE+A.-XIQUES-PRIETO-Chicago-IL.html/
Dr. James G. MACKENZIE	https://www.ratemds.com/doctor-ratings/2781124/Dr-James+G.-MACKENZIE-Chicago-IL.html/
Lorraine Goldberg	https://www.ratemds.com/doctor-ratings/2782108/Dr-LORRAINE-GOLDBERG-Chicago-IL.html/
Judy Bakshy	https://www.ratemds.com/doctor-ratings/2782548/Dr-JUDY-BAKSHY-Skokie-IL.html/
Valerie M. Harrington	https://www.ratemds.com/doctor-ratings/2783594/Dr-VALERIE+M.-HARRINGTON-Chicago-IL.html/
JANICE S. O'Malley	https://www.ratemds.com/doctor-ratings/2785100/Dr-JANICE+S.-O&apos;Malley-CHICAGO-IL.html/
Eric H. Prensky	https://www.ratemds.com/doctor-ratings/2785126/Dr-ERIC+H.-PRENSKY-Chicago-IL.html/
Rita P. Sussman	https://www.ratemds.com/doctor-ratings/2785715/Dr-RITA+P.-SUSSMAN-Chicago-IL.html/
Regina Mae Brian	https://www.ratemds.com/doctor-ratings/2786169/Dr-REGINA+MAE-BRIAN-Peoria-IL.html/
Todd R. Cartmell	https://www.ratemds.com/doctor-ratings/2787039/Dr-TODD+R.-CARTMELL-Wheaton-IL.html/
Jeffrey L. Santee	https://www.ratemds.com/doctor-ratings/2787437/Dr-JEFFREY+L.-SANTEE-Wheaton-IL.html/
David S. DEBOER	https://www.ratemds.com/doctor-ratings/2787556/Dr-David+S.-DEBOER-Chicago-IL.html/
Ana F. Linares	https://www.ratemds.com/doctor-ratings/2787663/Dr-ANA+F.-LINARES-Chicago-IL.html/
Dr. Mark Berger	https://www.ratemds.com/doctor-ratings/2788722/Dr-MARK-BERGER-CHICAGO-IL.html/
Rebecca R. Reinke	https://www.ratemds.com/doctor-ratings/2789189/Dr-REBECCA+R.-REINKE-Naperville-IL.html/
Lorna H. London	https://www.ratemds.com/doctor-ratings/2789671/Dr-LORNA+H.-LONDON-Naperville-IL.html/
Dr. Dheeraj K. Raina	https://www.ratemds.com/doctor-ratings/2789975/Dr-DHEERAJ+K.-RAINA-Skokie-IL.html/
Peter W. Demuth	https://www.ratemds.com/doctor-ratings/2790087/Dr-PETER+W.-DEMUTH-Evanston-IL.html/
Andrew R. Farra	https://www.ratemds.com/doctor-ratings/2790255/Dr-ANDREW+R.-FARRA-Evanston-IL.html/
Andrea S. Platt	https://www.ratemds.com/doctor-ratings/2790538/Dr-ANDREA+S.-PLATT-CHICAGO-IL.html/
Nancy R. Soro	https://www.ratemds.com/doctor-ratings/2790660/Dr-Nancy+R.-Soro-Oak+Park-IL.html/
Camille L. Ference	https://www.ratemds.com/doctor-ratings/2791246/Dr-CAMILLE+L.-FERENCE-Oak+Park-IL.html/
Julian M. Williams	https://www.ratemds.com/doctor-ratings/2791704/Dr-JULIAN+M.-WILLIAMS-Chicago-IL.html/
Sherman M. Carter	https://www.ratemds.com/doctor-ratings/2792980/Dr-SHERMAN+M.-CARTER-Chicago-IL.html/
Kerry E. Smith	https://www.ratemds.com/doctor-ratings/2793832/Dr-KERRY+E.-SMITH-Chicago-IL.html/
Thuy T. PHAM	https://www.ratemds.com/doctor-ratings/2794178/Dr-Thuy+T.-PHAM-ARLINGTON+HEIGHTS-IL.html/
Dr. Jin-Hyung J. Kim	https://www.ratemds.com/doctor-ratings/2795659/Dr-JIN-HYUNG+J.-KIM-Wheaton-IL.html/
Jerry J. Sweet	https://www.ratemds.com/doctor-ratings/2796748/Dr-JERRY+J.-SWEET-Evanston-IL.html/
Uldine Beck	https://www.ratemds.com/doctor-ratings/2797096/Dr-ULDINE-BECK-SPRINGFIELD-IL.html/
Raul Gonzalez	https://www.ratemds.com/doctor-ratings/2797170/Dr-RAUL-GONZALEZ-Chicago-IL.html/
Charlotte A. Dillon	https://www.ratemds.com/doctor-ratings/2797744/Dr-CHARLOTTE+A.-DILLON-Aurora-IL.html/
Dr. Deborah Bokerman	https://www.ratemds.com/doctor-ratings/2799819/Dr-DEBORAH-BOKERMAN-Chicago-IL.html/
Hugh P. Creedon	https://www.ratemds.com/doctor-ratings/2800380/Dr-HUGH+P.-CREEDON-Chicago-IL.html/
David Smith	https://www.ratemds.com/doctor-ratings/2801234/Dr-DAVID-SMITH-CHICAGO-IL.html/
Judith K. Stuhr	https://www.ratemds.com/doctor-ratings/2801274/Dr-JUDITH+K.-STUHR-Chicago-IL.html/
Trina K. Hunt	https://www.ratemds.com/doctor-ratings/2801327/Dr-TRINA+K.-HUNT-Peoria-IL.html/
Betsy J. Nettleton	https://www.ratemds.com/doctor-ratings/2801385/Dr-BETSY+J.-NETTLETON-CHICAGO-IL.html/
Megan Mills	https://www.ratemds.com/doctor-ratings/2801620/Dr-MEGAN-MILLS-Chicago-IL.html/
Kerry A. Hasbrook	https://www.ratemds.com/doctor-ratings/2803412/Dr-KERRY+A.-HASBROOK-GLENVIEW-IL.html/
Diane Amstutz	https://www.ratemds.com/doctor-ratings/2803658/Dr-DIANE-AMSTUTZ-Wheaton-IL.html/
Cathy M. Mavrolas	https://www.ratemds.com/doctor-ratings/2803829/Dr-CATHY+M.-MAVROLAS-CHICAGO-IL.html/
Michael H. Merrill	https://www.ratemds.com/doctor-ratings/2803924/Dr-MICHAEL+H.-MERRILL-Chicago-IL.html/
Kathleen R. Scharf	https://www.ratemds.com/doctor-ratings/2804064/Dr-KATHLEEN+R.-SCHARF-Skokie-IL.html/
Rebecca J. Bier	https://www.ratemds.com/doctor-ratings/2804081/Dr-REBECCA+J.-BIER-Arlington+Hts-IL.html/
Dr. Gabriel Telot	https://www.ratemds.com/doctor-ratings/2804211/Dr-GABRIEL-TELOT-NORMAL-IL.html/
Patrick WALSH	https://www.ratemds.com/doctor-ratings/2804989/Dr-Patrick-WALSH-Wheaton-IL.html/
Janis Johnston	https://www.ratemds.com/doctor-ratings/2805548/Dr-JANIS-JOHNSTON-Oak+Park-IL.html/
David E. Drehmer	https://www.ratemds.com/doctor-ratings/2805948/Dr-DAVID+E.-DREHMER-Naperville-IL.html/
Dr. Neal E. Spira	https://www.ratemds.com/doctor-ratings/2807114/Dr-NEAL+E.-SPIRA-Chicago-IL.html/
Dr. John M. Davis	https://www.ratemds.com/doctor-ratings/2807263/Dr-JOHN+M.-DAVIS-Chicago-IL.html/
Dr. Raymond Gouttama	https://www.ratemds.com/doctor-ratings/2807681/Dr-RAYMOND-GOUTTAMA-Schaumburg-IL.html/
David L. DOWNING	https://www.ratemds.com/doctor-ratings/2808706/Dr-David+L.-DOWNING-Chicago-IL.html/
Deborah L. Whiston-Garman	https://www.ratemds.com/doctor-ratings/2809568/Dr-DEBORAH+L.-WHISTON-GARMAN-ARLINGTON+HEIGHTS-IL.html/
Joan Wood	https://www.ratemds.com/doctor-ratings/2811767/Dr-JOAN-WOOD-Arlington+Hts-IL.html/
Mary A. Clark	https://www.ratemds.com/doctor-ratings/2812668/Dr-MARY+A.-CLARK-Chicago-IL.html/
Dr. Ricardo Bayola	https://www.ratemds.com/doctor-ratings/2812869/Dr-RICARDO-BAYOLA-Peoria-IL.html/
Maureen R. Ford	https://www.ratemds.com/doctor-ratings/2812970/Dr-MAUREEN+R.-FORD-Chicago-IL.html/
Dr. Portia Bonebrake	https://www.ratemds.com/doctor-ratings/2813600/Dr-PORTIA-BONEBRAKE-Chicago-IL.html/
Stephanie Maxwell	https://www.ratemds.com/doctor-ratings/2813603/Dr-STEPHANIE-MAXWELL-CHICAGO-IL.html/
Terence W. Cozad	https://www.ratemds.com/doctor-ratings/2813787/Dr-TERENCE+W.-COZAD-Naperville-IL.html/
Stephen Labbie	https://www.ratemds.com/doctor-ratings/2813788/Dr-STEPHEN-LABBIE-Naperville-IL.html/
Dr. Cathrine B Frank	https://www.ratemds.com/doctor-ratings/2814365/Dr-CATHRINE+B.-FRANK-Chicago-IL.html/
Dan Fulk	https://www.ratemds.com/doctor-ratings/2817575/Dr-DAN-FULK-Decatur-IL.html/
Dr. Susan F. Slobard	https://www.ratemds.com/doctor-ratings/2818385/Dr-SUSAN+F.-SLOBARD-ROCKFORD-IL.html/
Vicki W. Kowalsky	https://www.ratemds.com/doctor-ratings/2819943/Dr-VICKI+W.-KOWALSKY-Oak+Lawn-IL.html/
Yvonne R. Heins	https://www.ratemds.com/doctor-ratings/2821344/Dr-YVONNE+R.-HEINS-Chicago-IL.html/
Pamela Antell	https://www.ratemds.com/doctor-ratings/2821747/Dr-PAMELA-ANTELL-Glenview-IL.html/
Renee Marshel	https://www.ratemds.com/doctor-ratings/2822557/Dr-RENEE-MARSHEL-CHICAGO-IL.html/
Theodore Polonus	https://www.ratemds.com/doctor-ratings/2823267/Dr-THEODORE-POLONUS-Chicago-IL.html/
David R. Jezl	https://www.ratemds.com/doctor-ratings/2824217/Dr-DAVID+R.-JEZL-Schaumburg-IL.html/
Edward J. Frischholz	https://www.ratemds.com/doctor-ratings/2824862/Dr-EDWARD+J.-FRISCHHOLZ-Chicago-IL.html/
Linda Rudy	https://www.ratemds.com/doctor-ratings/2826543/Dr-LINDA-RUDY-Chicago-IL.html/
Daniel Rataj	https://www.ratemds.com/doctor-ratings/2827121/Dr-DANIEL-RATAJ-Wheaton-IL.html/
Nancy A. Newton	https://www.ratemds.com/doctor-ratings/2827350/Dr-NANCY+A.-NEWTON-Chicago-IL.html/
Dr. John M. DORN	https://www.ratemds.com/doctor-ratings/2827733/Dr-John+M.-DORN-Chicago-IL.html/
Garth W. Amundson	https://www.ratemds.com/doctor-ratings/2829049/Dr-GARTH+W.-AMUNDSON-Oak+Park-IL.html/
Laurel S. Jonas	https://www.ratemds.com/doctor-ratings/2829359/Dr-LAUREL+S.-JONAS-Chicago-IL.html/
Allison Salituro	https://www.ratemds.com/doctor-ratings/2830337/Dr-ALLISON-SALITURO-Schaumburg-IL.html/
Marlyn Grossman	https://www.ratemds.com/doctor-ratings/2830679/Dr-MARLYN-GROSSMAN-Chicago-IL.html/
Roger P. Hatcher	https://www.ratemds.com/doctor-ratings/2831231/Dr-Roger+P.-Hatcher-Aurora-IL.html/
Margaret O. Griffiths	https://www.ratemds.com/doctor-ratings/2832068/Dr-MARGARET+O.-GRIFFITHS-Chicago-IL.html/
Leslie A. Abrams	https://www.ratemds.com/doctor-ratings/2832554/Dr-LESLIE+A.-ABRAMS-Chicago-IL.html/
Kevin J. Van Eron	https://www.ratemds.com/doctor-ratings/2834107/Dr-KEVIN+J.-VAN+ERON-CHICAGO-IL.html/
James R. Harris	https://www.ratemds.com/doctor-ratings/2834249/Dr-JAMES+R.-HARRIS-Chicago-IL.html/
Michael E. CARNEY	https://www.ratemds.com/doctor-ratings/2834743/Dr-Michael+E.-CARNEY-Evanston-IL.html/
Patricia Bach	https://www.ratemds.com/doctor-ratings/2835206/Dr-PATRICIA-BACH-Joliet-IL.html/
Nicola Roache	https://www.ratemds.com/doctor-ratings/2836723/Dr-NICOLA-ROACHE-Evanston-IL.html/
Diana F. Mercer	https://www.ratemds.com/doctor-ratings/2837007/Dr-DIANA+F.-MERCER-Chicago-IL.html/
Paul V. Harris	https://www.ratemds.com/doctor-ratings/2837516/Dr-PAUL+V.-HARRIS-Chicago-IL.html/
Deborah R. Allen	https://www.ratemds.com/doctor-ratings/2839894/Dr-DEBORAH+R.-ALLEN-Champaign-IL.html/
Aviva E. Samet	https://www.ratemds.com/doctor-ratings/2840071/Dr-AVIVA+E.-SAMET-Chicago-IL.html/
Nicole M. Ranttila	https://www.ratemds.com/doctor-ratings/2840164/Dr-NICOLE+M.-RANTTILA-Chicago-IL.html/
Christine C. Kieffer	https://www.ratemds.com/doctor-ratings/2840401/Dr-CHRISTINE+C.-KIEFFER-Chicago-IL.html/
Michael T. Jiaras	https://www.ratemds.com/doctor-ratings/2842406/Dr-MICHAEL+T.-JIARAS-CHICAGO-IL.html/
Linda N. Edelstein	https://www.ratemds.com/doctor-ratings/2842778/Dr-LINDA+N.-EDELSTEIN-Evanston-IL.html/
Pierre E. Lacocque	https://www.ratemds.com/doctor-ratings/2844448/Dr-PIERRE+E.-LACOCQUE-Arlington+Heights-IL.html/
Linda Lanier	https://www.ratemds.com/doctor-ratings/2846303/Dr-LINDA-LANIER-Springfield-IL.html/
Meg M. Kwak	https://www.ratemds.com/doctor-ratings/2846744/Dr-MEG+M.-KWAK-Arlington+Heights-IL.html/
Mario Di Biase	https://www.ratemds.com/doctor-ratings/2848536/Dr-MARIO-DI+BIASE-Bloomington-IL.html/
James K. WYATT	https://www.ratemds.com/doctor-ratings/2849290/Dr-James+K.-WYATT-Chicago-IL.html/
Daniel H. Goff	https://www.ratemds.com/doctor-ratings/2849662/Dr-DANIEL+H.-GOFF-Arlington+Heights-IL.html/
Erica A. Berg	https://www.ratemds.com/doctor-ratings/2850386/Dr-ERICA+A.-BERG-Evanston-IL.html/
Yael Ron	https://www.ratemds.com/doctor-ratings/2850528/Dr-YAEL-RON-Skokie-IL.html/
Amberly R. Panepinto	https://www.ratemds.com/doctor-ratings/2850608/Dr-AMBERLY+R.-PANEPINTO-Chicago-IL.html/
Laura L. Mathis	https://www.ratemds.com/doctor-ratings/2850639/Dr-LAURA+L.-MATHIS-Chicago-IL.html/
Karen R. Gouze	https://www.ratemds.com/doctor-ratings/2851726/Dr-KAREN+R.-GOUZE-Chicago-IL.html/
Jeanne E. Antisdel	https://www.ratemds.com/doctor-ratings/2851890/Dr-JEANNE+E.-ANTISDEL-Chicago-IL.html/
Thomas W. Low	https://www.ratemds.com/doctor-ratings/2853014/Dr-THOMAS+W.-LOW-Springfield-IL.html/
Laura L. Faynor-Ciha	https://www.ratemds.com/doctor-ratings/2853454/Dr-LAURA+L.-FAYNOR-CIHA-NAPERVILLE-IL.html/
Ariadna C. Lanski	https://www.ratemds.com/doctor-ratings/2854113/Dr-ARIADNA+C.-LANSKI-Chicago-IL.html/
Frank A. Mordini	https://www.ratemds.com/doctor-ratings/2854920/Dr-FRANK+A.-MORDINI-ORLAND+PARK-IL.html/
Jamie Martin	https://www.ratemds.com/doctor-ratings/2855027/Dr-JAMIE-MARTIN-Chicago-IL.html/
John V. Lavigne	https://www.ratemds.com/doctor-ratings/2855445/Dr-JOHN+V.-LAVIGNE-Chicago-IL.html/
Jean B. Goldsmith	https://www.ratemds.com/doctor-ratings/2855644/Dr-JEAN+B.-GOLDSMITH-Chicago-IL.html/
Hubert Dolezal	https://www.ratemds.com/doctor-ratings/2855811/Dr-HUBERT-DOLEZAL-Chicago-IL.html/
Julie Rinaldi	https://www.ratemds.com/doctor-ratings/2856785/Dr-JULIE-RINALDI-Chicago-IL.html/
Hannah L. Frisch	https://www.ratemds.com/doctor-ratings/2858406/Dr-HANNAH+L.-FRISCH-Chicago-IL.html/
Rosemarie Seder	https://www.ratemds.com/doctor-ratings/2858672/Dr-ROSEMARIE-SEDER-Chicago-IL.html/
Linda M. Kaskel	https://www.ratemds.com/doctor-ratings/2858903/Dr-LINDA+M.-KASKEL-Evanston-IL.html/
Amy E. Swarr	https://www.ratemds.com/doctor-ratings/2859108/Dr-AMY+E.-SWARR-Oak+Park-IL.html/
Sylvia Atkins	https://www.ratemds.com/doctor-ratings/2859127/Dr-SYLVIA-ATKINS-ARLINGTON+HTS-IL.html/
Dr. Virginia Saft	https://www.ratemds.com/doctor-ratings/2859329/Dr-VIRGINIA-SAFT-CHICAGO-IL.html/
Candace V. Love	https://www.ratemds.com/doctor-ratings/2859895/Dr-CANDACE+V.-LOVE-Chicago-IL.html/
James Walsh	https://www.ratemds.com/doctor-ratings/2859919/Dr-JAMES-WALSH-NAPERVILLE-IL.html/
John D. Arroyo	https://www.ratemds.com/doctor-ratings/2860528/Dr-JOHN+D.-ARROYO-CHICAGO-IL.html/
Dr. Renee D. Mehlinger	https://www.ratemds.com/doctor-ratings/2860559/Dr-RENEE+D.-MEHLINGER-OAK+PARK-IL.html/
Amy S. Newman	https://www.ratemds.com/doctor-ratings/2860802/Dr-AMY+S.-NEWMAN-Chicago-IL.html/
Lisa Sorensen	https://www.ratemds.com/doctor-ratings/2861023/Dr-LISA-SORENSEN-Chicago-IL.html/
Frank Zelko	https://www.ratemds.com/doctor-ratings/2861251/Dr-FRANK-ZELKO-Chicago-IL.html/
Constance Weil	https://www.ratemds.com/doctor-ratings/2861737/Dr-CONSTANCE-WEIL-Chicago-IL.html/
Amy C. Wagner	https://www.ratemds.com/doctor-ratings/2861856/Dr-AMY+C.-WAGNER-Evanston-IL.html/
Jessica Golub	https://www.ratemds.com/doctor-ratings/2862664/Dr-JESSICA-GOLUB-Chicago-IL.html/
Terrence Hines	https://www.ratemds.com/doctor-ratings/2863189/Dr-TERRENCE-HINES-Chicago-IL.html/
Jamie Pasquale	https://www.ratemds.com/doctor-ratings/2863316/Dr-JAMIE-PASQUALE-CHICAGO-IL.html/
John P. Frampton	https://www.ratemds.com/doctor-ratings/2863515/Dr-JOHN+P.-FRAMPTON-Arlington+Hts-IL.html/
Dr. Wonsam Hahn	https://www.ratemds.com/doctor-ratings/2864066/Dr-WONSAM-HAHN-Chicago-IL.html/
Dr. Arnoldo Jiron	https://www.ratemds.com/doctor-ratings/2864134/Dr-ARNOLDO-JIRON-Chicago-IL.html/
Carrie Gottainer	https://www.ratemds.com/doctor-ratings/2864344/Dr-CARRIE-GOTTAINER-ARLINGTON+HEIGHTS-IL.html/
Michael J. FREY	https://www.ratemds.com/doctor-ratings/2864474/Dr-Michael+J.-FREY-Arlington+Hts-IL.html/
Dr. Michael CWYNAR	https://www.ratemds.com/doctor-ratings/2864502/Dr-Michael-CWYNAR-Chicago-IL.html/
Casey A. Harris	https://www.ratemds.com/doctor-ratings/2864534/Dr-CASEY+A.-HARRIS-Chicago-IL.html/
Joan L. Ingram	https://www.ratemds.com/doctor-ratings/2865034/Dr-JOAN+L.-INGRAM-Chicago-IL.html/
Kelly Dudle	https://www.ratemds.com/doctor-ratings/2865138/Dr-KELLY-DUDLE-Arlington+Hts-IL.html/
Sheila M. Donovan	https://www.ratemds.com/doctor-ratings/2865913/Dr-SHEILA+M.-DONOVAN-Chicago-IL.html/
Allison Lerman	https://www.ratemds.com/doctor-ratings/2866173/Dr-ALLISON-LERMAN-Chicago-IL.html/
Emily Knotek	https://www.ratemds.com/doctor-ratings/2866410/Dr-EMILY-KNOTEK-Chicago-IL.html/
Dr. Marcia Sawa	https://www.ratemds.com/doctor-ratings/2866945/Dr-MARCIA-SAWA-Evanston-IL.html/
Dr. Usha Kartan	https://www.ratemds.com/doctor-ratings/2866956/Dr-USHA-KARTAN-Chicago-IL.html/
Dr. Evelyn Morales	https://www.ratemds.com/doctor-ratings/2867296/Dr-EVELYN-MORALES-Chicago-IL.html/
Dr. Mir Obaid	https://www.ratemds.com/doctor-ratings/2867299/Dr-MIR-OBAID-Chicago-IL.html/
Elina Manghi	https://www.ratemds.com/doctor-ratings/2867436/Dr-ELINA-MANGHI-CHICAGO-IL.html/
Jorge L. Cuevas	https://www.ratemds.com/doctor-ratings/2867615/Dr-JORGE+L.-CUEVAS-Chicago-IL.html/
Sandra L. Kasprzyk	https://www.ratemds.com/doctor-ratings/2868455/Dr-SANDRA+L.-KASPRZYK-Tinley+Park-IL.html/
Lucy D. Perez-Harck	https://www.ratemds.com/doctor-ratings/2868841/Dr-LUCY+D.-PEREZ-HARCK-CHICAGO-IL.html/
Dr. Marvin Schwarz	https://www.ratemds.com/doctor-ratings/2869399/Dr-MARVIN-SCHWARZ-WHEATON-IL.html/
Ellen S. Alter	https://www.ratemds.com/doctor-ratings/2870341/Dr-ELLEN+S.-ALTER-WILMETTE-IL.html/
Dr. Eva Sagin-Kurilo	https://www.ratemds.com/doctor-ratings/2870359/Dr-EVA-SAGIN-KURILO-ELGIN-IL.html/
Susan M. Nay	https://www.ratemds.com/doctor-ratings/2871391/Dr-SUSAN+M.-NAY-Schaumburg-IL.html/
Carolyn J. FIELDS	https://www.ratemds.com/doctor-ratings/2871646/Dr-Carolyn+J.-FIELDS-Chicago-IL.html/
Rosa M. Brown	https://www.ratemds.com/doctor-ratings/2871689/Dr-ROSA+M.-BROWN-Chicago-IL.html/
Dr. Alicia S. Martin	https://www.ratemds.com/doctor-ratings/2873085/Dr-ALICIA+S.-MARTIN-Elgin-IL.html/
Nancy Machonkin	https://www.ratemds.com/doctor-ratings/2873207/Dr-NANCY-MACHONKIN-Wheaton-IL.html/
Anne Krick	https://www.ratemds.com/doctor-ratings/2873216/Dr-ANNE-KRICK-WHEATON-IL.html/
Dr. Rian J. Rowles	https://www.ratemds.com/doctor-ratings/2873681/Dr-RIAN+J.-ROWLES-Orland+Park-IL.html/
Matthew J. Bennett	https://www.ratemds.com/doctor-ratings/2873761/Dr-MATTHEW+J.-BENNETT-CHICAGO-IL.html/
Frank Cushing	https://www.ratemds.com/doctor-ratings/2874405/Dr-FRANK-CUSHING-ROCKFORD-IL.html/
Leslie Lynn	https://www.ratemds.com/doctor-ratings/2874434/Dr-LESLIE-LYNN-Chicago-IL.html/
Paul R. Kennedy	https://www.ratemds.com/doctor-ratings/2875102/Dr-PAUL+R.-KENNEDY-Orland+Park-IL.html/
Kristina R. Mcgillis Shulman	https://www.ratemds.com/doctor-ratings/2875388/Dr-KRISTINA+R.-MCGILLIS+SHULMAN-CHICAGO-IL.html/
Leigh Johnson-Migalski	https://www.ratemds.com/doctor-ratings/2875397/Dr-LEIGH-JOHNSON-MIGALSKI-SCHAUMBURG-IL.html/
Kevin A. Osten	https://www.ratemds.com/doctor-ratings/2875530/Dr-KEVIN+A.-OSTEN-Chicago-IL.html/
Benjamin J. Gorvine	https://www.ratemds.com/doctor-ratings/2875926/Dr-BENJAMIN+J.-GORVINE-Evanston-IL.html/
Sandra Leister	https://www.ratemds.com/doctor-ratings/2876141/Dr-SANDRA-LEISTER-CHAMPAIGN-IL.html/
Ann Cusack	https://www.ratemds.com/doctor-ratings/2876193/Dr-ANN-CUSACK-Chicago-IL.html/
Gary L. Coleman	https://www.ratemds.com/doctor-ratings/2876272/Dr-GARY+L.-COLEMAN-Aurora-IL.html/
Carroll A. Cradock	https://www.ratemds.com/doctor-ratings/2876273/Dr-CARROLL+A.-CRADOCK-Chicago-IL.html/
Tamara Sher	https://www.ratemds.com/doctor-ratings/2876711/Dr-TAMARA-SHER-Chicago-IL.html/
Wendy Charness	https://www.ratemds.com/doctor-ratings/2876923/Dr-WENDY-CHARNESS-Chicago-IL.html/
Kirk W. Boyenga	https://www.ratemds.com/doctor-ratings/2877429/Dr-KIRK+W.-BOYENGA-Springfield-IL.html/
Mi Young Ryee	https://www.ratemds.com/doctor-ratings/2881135/Dr-MI+YOUNG-RYEE-Chicago-IL.html/
Cheryl Rampage	https://www.ratemds.com/doctor-ratings/2881490/Dr-CHERYL-RAMPAGE-Chicago-IL.html/
Alissa K. Chung	https://www.ratemds.com/doctor-ratings/2881667/Dr-ALISSA+K.-CHUNG-Evanston-IL.html/
Dr. Cheryl Heidelberger	https://www.ratemds.com/doctor-ratings/2881690/Dr-CHERYL-HEIDELBERGER-Chicago-IL.html/
Victoria P. Surowiec	https://www.ratemds.com/doctor-ratings/2882372/Dr-VICTORIA+P.-SUROWIEC-CHICAGO-IL.html/
Yosef Shoshana	https://www.ratemds.com/doctor-ratings/2882455/Dr-YOSEF-SHOSHANA-Arlington+Hts-IL.html/
Marilyn L. Kohl	https://www.ratemds.com/doctor-ratings/2882717/Dr-MARILYN+L.-KOHL-Champaign-IL.html/
Janice Muhr	https://www.ratemds.com/doctor-ratings/2882772/Dr-Janice-Muhr-Chicago-IL.html/
Susan Johnson	https://www.ratemds.com/doctor-ratings/2882816/Dr-SUSAN-JOHNSON-PALATINE-IL.html/
Marcy A. Rubin	https://www.ratemds.com/doctor-ratings/2884073/Dr-MARCY+A.-RUBIN-Chicago-IL.html/
Annette Lacey	https://www.ratemds.com/doctor-ratings/2885837/Dr-ANNETTE-LACEY-Arlington+Hts-IL.html/
Dr. Nishad J. Nadkarni	https://www.ratemds.com/doctor-ratings/2886571/Dr-NISHAD+J.-NADKARNI-Aurora-IL.html/
Deborah A. Liebling	https://www.ratemds.com/doctor-ratings/2886609/Dr-DEBORAH+A.-LIEBLING-SKOKIE-IL.html/
Neal S. Rubin	https://www.ratemds.com/doctor-ratings/2886619/Dr-NEAL+S.-RUBIN-Chicago-IL.html/
Cherilynn Romano	https://www.ratemds.com/doctor-ratings/2887334/Dr-CHERILYNN-ROMANO-Waukegan-IL.html/
John P. Anderson	https://www.ratemds.com/doctor-ratings/2887367/Dr-JOHN+P.-ANDERSON-Chicago-IL.html/
Harold M. Rice-Erso	https://www.ratemds.com/doctor-ratings/2887376/Dr-HAROLD+M.-RICE-ERSO-Schaumburg-IL.html/
James M. Janik	https://www.ratemds.com/doctor-ratings/2887443/Dr-JAMES+M.-JANIK-Chicago-IL.html/
Sharon M. Glaser	https://www.ratemds.com/doctor-ratings/2887454/Dr-SHARON+M.-GLASER-Chicago-IL.html/
Laura Patton-Van Buskirk	https://www.ratemds.com/doctor-ratings/2887693/Dr-LAURA-PATTON-VAN+BUSKIRK-CHICAGO-IL.html/
Renee Dominguez	https://www.ratemds.com/doctor-ratings/2888565/Dr-RENEE-DOMINGUEZ-CHICAGO-IL.html/
James Fruehling	https://www.ratemds.com/doctor-ratings/2888592/Dr-JAMES-FRUEHLING-Arlington+Hts-IL.html/
Charles Milofsky	https://www.ratemds.com/doctor-ratings/2889093/Dr-CHARLES-MILOFSKY-Elgin-IL.html/
Dr. Syed HUSSAIN	https://www.ratemds.com/doctor-ratings/2889381/Dr-Syed-HUSSAIN-Elgin-IL.html/
Patricia J. Eggleston	https://www.ratemds.com/doctor-ratings/2889974/Dr-PATRICIA+J.-EGGLESTON-Wheaton-IL.html/
Jane Stoller Schoff	https://www.ratemds.com/doctor-ratings/2890697/Dr-JANE-STOLLER+SCHOFF-Hoffman+Estates-IL.html/
Sara Yogev	https://www.ratemds.com/doctor-ratings/2891562/Dr-SARA-YOGEV-Skokie-IL.html/
Dr. J Fred Shick	https://www.ratemds.com/doctor-ratings/2892044/Dr-J+FRED-SHICK-Chicago-IL.html/
Carolyn A. Mildner	https://www.ratemds.com/doctor-ratings/2892269/Dr-CAROLYN+A.-MILDNER-Chicago-IL.html/
Jill R. Gardner	https://www.ratemds.com/doctor-ratings/2892360/Dr-JILL+R.-GARDNER-Chicago-IL.html/
Karen L. Maddi	https://www.ratemds.com/doctor-ratings/2892848/Dr-KAREN+L.-MADDI-Chicago-IL.html/
Dr. Filogonio M. Gaviria	https://www.ratemds.com/doctor-ratings/2894770/Dr-FILOGONIO+M.-GAVIRIA-Orland+Park-IL.html/
Diane Hartjes	https://www.ratemds.com/doctor-ratings/2894938/Dr-DIANE-HARTJES-CHICAGO-IL.html/
Peter Zeldow	https://www.ratemds.com/doctor-ratings/2894986/Dr-PETER-ZELDOW-Chicago-IL.html/
Anna K. Cordeiro	https://www.ratemds.com/doctor-ratings/2895093/Dr-ANNA+K.-CORDEIRO-Skokie-IL.html/
Salvator J. Ferrera	https://www.ratemds.com/doctor-ratings/2895108/Dr-SALVATOR+J.-FERRERA-Chicago-IL.html/
Dr. Niranjan Karnik	https://www.ratemds.com/doctor-ratings/2896685/Dr-NIRANJAN-KARNIK-Chicago-IL.html/
Dr. John W. Meiszner	https://www.ratemds.com/doctor-ratings/2897023/Dr-JOHN+W.-MEISZNER-Elgin-IL.html/
Leah S. Horvath	https://www.ratemds.com/doctor-ratings/2897702/Dr-LEAH+S.-HORVATH-Chicago-IL.html/
K. Lara Beanblossom	https://www.ratemds.com/doctor-ratings/2897992/Dr-K.+LARA-BEANBLOSSOM-Chicago-IL.html/
Dr. Guru Shankar	https://www.ratemds.com/doctor-ratings/2898913/Dr-Guru-Shankar-Elgin-IL.html/
Arin Stone	https://www.ratemds.com/doctor-ratings/2899665/Dr-ARIN-STONE-CHICAGO-IL.html/
Margaret P. Creedon	https://www.ratemds.com/doctor-ratings/2899773/Dr-MARGARET+P.-CREEDON-Chicago-IL.html/
Robyn L. Varblow	https://www.ratemds.com/doctor-ratings/2900286/Dr-ROBYN+L.-VARBLOW-HOFFMAN+ESTATES-IL.html/
Joan H. Leska	https://www.ratemds.com/doctor-ratings/2901109/Dr-JOAN+H.-LESKA-CHICAGO-IL.html/
Erin E. Emery	https://www.ratemds.com/doctor-ratings/2901284/Dr-ERIN+E.-EMERY-Chicago-IL.html/
Dr. Imran Akram	https://www.ratemds.com/doctor-ratings/2904418/Dr-IMRAN-AKRAM-Hoffman+Estates-IL.html/
Sandra E. Lowe	https://www.ratemds.com/doctor-ratings/2904653/Dr-SANDRA+E.-LOWE-Chicago-IL.html/
Thomas B. Dudgeon	https://www.ratemds.com/doctor-ratings/2904785/Dr-THOMAS+B.-DUDGEON-Rockford-IL.html/
John Zajecka	https://www.ratemds.com/doctor-ratings/2905156/Dr-JOHN-ZAJECKA-CHICAGO-IL.html/
Bernard Shulman	https://www.ratemds.com/doctor-ratings/2905700/Dr-BERNARD-SHULMAN-SKOKIE-IL.html/
Evelyn M. Lee	https://www.ratemds.com/doctor-ratings/2906007/Dr-EVELYN+M.-LEE-Chicago-IL.html/
Joe H. Vaughn	https://www.ratemds.com/doctor-ratings/2906847/Dr-JOE+H.-VAUGHN-Rockford-IL.html/
Nancy Burke	https://www.ratemds.com/doctor-ratings/2907151/Dr-NANCY-BURKE-Chicago-IL.html/
Beverly A. Grall	https://www.ratemds.com/doctor-ratings/2907191/Dr-BEVERLY+A.-GRALL-Downers+Grove-IL.html/
Paul A. JARVIS	https://www.ratemds.com/doctor-ratings/2907285/Dr-Paul+A.-JARVIS-Bloomington-IL.html/
Lisa Y. Bowker	https://www.ratemds.com/doctor-ratings/2907329/Dr-LISA+Y.-BOWKER-CHICAGO-IL.html/
Jane Conron	https://www.ratemds.com/doctor-ratings/2907336/Dr-JANE-CONRON-CHICAGO-IL.html/
Dr. Inna S. Persina	https://www.ratemds.com/doctor-ratings/2907579/Dr-INNA+S.-PERSINA-Chicago-IL.html/
Jan H. Nussbaum	https://www.ratemds.com/doctor-ratings/2907774/Dr-JAN+H.-NUSSBAUM-Chicago-IL.html/
Mary Cesare	https://www.ratemds.com/doctor-ratings/2908225/Dr-MARY-CESARE-Downers+Grove-IL.html/
Oliver J. Kerner	https://www.ratemds.com/doctor-ratings/2909197/Dr-OLIVER+J.-KERNER-Chicago-IL.html/
Kathy L. Bingham	https://www.ratemds.com/doctor-ratings/2910153/Dr-KATHY+L.-BINGHAM-Chicago-IL.html/
Nancy L. Jensen	https://www.ratemds.com/doctor-ratings/2910343/Dr-NANCY+L.-JENSEN-Evanston-IL.html/
Keri A. Boyack	https://www.ratemds.com/doctor-ratings/2911420/Dr-KERI+A.-BOYACK-Skokie-IL.html/
Susan L. Pelton	https://www.ratemds.com/doctor-ratings/2911883/Dr-SUSAN+L.-PELTON-Chicago-IL.html/
Chante Deloach	https://www.ratemds.com/doctor-ratings/2911978/Dr-CHANTE-DELOACH-Chicago-IL.html/
Karen P. Smith	https://www.ratemds.com/doctor-ratings/2912168/Dr-KAREN+P.-SMITH-Chicago-IL.html/
Joanne M. LANGLEY	https://www.ratemds.com/doctor-ratings/2912757/Dr-Joanne+M.-LANGLEY-Rockford-IL.html/
Robert E. O'CONNOR	https://www.ratemds.com/doctor-ratings/2912899/Dr-Robert+E.-O&apos;CONNOR-Oak+Park-IL.html/
Debra M. Block	https://www.ratemds.com/doctor-ratings/2913123/Dr-DEBRA+M.-BLOCK-Chicago-IL.html/
Amy S. Brown	https://www.ratemds.com/doctor-ratings/2913178/Dr-AMY+S.-BROWN-Orland+Park-IL.html/
Daniel G. KELLEY	https://www.ratemds.com/doctor-ratings/2913404/Dr-Daniel+G.-KELLEY-CHICAGO-IL.html/
Mark E. Ruehl	https://www.ratemds.com/doctor-ratings/2913483/Dr-MARK+E.-RUEHL-Oak+Park-IL.html/
Dianna W. Bolen	https://www.ratemds.com/doctor-ratings/2914483/Dr-DIANNA+W.-BOLEN-CHICAGO-IL.html/
Dana R. Baerger	https://www.ratemds.com/doctor-ratings/2915030/Dr-DANA+R.-BAERGER-Chicago-IL.html/
Kimberly Kobus	https://www.ratemds.com/doctor-ratings/2915051/Dr-KIMBERLY-KOBUS-Naperville-IL.html/
Monique Hernandez	https://www.ratemds.com/doctor-ratings/2915072/Dr-MONIQUE-HERNANDEZ-Skokie-IL.html/
Rosalyn Chrenka	https://www.ratemds.com/doctor-ratings/2915084/Dr-ROSALYN-CHRENKA-Chicago-IL.html/
Daniel F. O'Grady	https://www.ratemds.com/doctor-ratings/2915597/Dr-DANIEL+F.-O&apos;GRADY-Chicago-IL.html/
Dr. Ernest Wolf	https://www.ratemds.com/doctor-ratings/2915739/Dr-ERNEST-WOLF-CHICAGO-IL.html/
Lucy D. Freund	https://www.ratemds.com/doctor-ratings/2915845/Dr-LUCY+D.-FREUND-Chicago-IL.html/
Dr. Imad Albasha	https://www.ratemds.com/doctor-ratings/2915966/Dr-IMAD-ALBASHA-ROCKFORD-IL.html/
Kathleen J. O'Grady	https://www.ratemds.com/doctor-ratings/2916150/Dr-KATHLEEN+J.-O&apos;GRADY-Chicago-IL.html/
Heidi M. Rosenberg	https://www.ratemds.com/doctor-ratings/2916466/Dr-HEIDI+M.-ROSENBERG-Glenview-IL.html/
Elaine Z. Jacobson	https://www.ratemds.com/doctor-ratings/2916997/Dr-ELAINE+Z.-JACOBSON-Champaign-IL.html/
Elizabeth Rutha	https://www.ratemds.com/doctor-ratings/2917008/Dr-ELIZABETH-RUTHA-Chicago-IL.html/
Nancy Luna	https://www.ratemds.com/doctor-ratings/2917449/Dr-NANCY-LUNA-Chicago-IL.html/
Fran E. Teller	https://www.ratemds.com/doctor-ratings/2917545/Dr-FRAN+E.-TELLER-Evanston-IL.html/
Martin L. Meliker	https://www.ratemds.com/doctor-ratings/2917702/Dr-MARTIN+L.-MELIKER-Arlington+Hts-IL.html/
Dr. Maria Ponton	https://www.ratemds.com/doctor-ratings/2918834/Dr-MARIA-PONTON-BERWYN-IL.html/
Kimberly Langston	https://www.ratemds.com/doctor-ratings/2919255/Dr-KIMBERLY-LANGSTON-EVANSTON-IL.html/
Deborah ZIMMERMAN	https://www.ratemds.com/doctor-ratings/2919406/Dr-Deborah-ZIMMERMAN-Chicago-IL.html/
Lori N. Osborne	https://www.ratemds.com/doctor-ratings/2919788/Dr-LORI+N.-OSBORNE-Chicago-IL.html/
David C. Mohr	https://www.ratemds.com/doctor-ratings/2920028/Dr-DAVID+C.-MOHR-Chicago-IL.html/
Karen L. Maudlin	https://www.ratemds.com/doctor-ratings/2920207/Dr-KAREN+L.-MAUDLIN-WHEATON-IL.html/
Randi Zoot	https://www.ratemds.com/doctor-ratings/2920362/Dr-RANDI-ZOOT-Joliet-IL.html/
Dr. Fernando Santaella	https://www.ratemds.com/doctor-ratings/2920640/Dr-FERNANDO-SANTAELLA-CHICAGO-IL.html/
Douglas Wilkerson	https://www.ratemds.com/doctor-ratings/2921139/Dr-DOUGLAS-WILKERSON-CHICAGO-IL.html/
James M. ENGLISH	https://www.ratemds.com/doctor-ratings/2921442/Dr-James+M.-ENGLISH-Downers+Grove-IL.html/
Dr. Laura S. Jones	https://www.ratemds.com/doctor-ratings/2921774/Dr-LAURA+S.-JONES-Chicago-IL.html/
Jo-Ann Finkelstein	https://www.ratemds.com/doctor-ratings/2921796/Dr-JO-ANN-FINKELSTEIN-Chicago-IL.html/
Marjorie Witty	https://www.ratemds.com/doctor-ratings/2921920/Dr-MARJORIE-WITTY-Chicago-IL.html/
Linda L. Marino	https://www.ratemds.com/doctor-ratings/2921942/Dr-LINDA+L.-MARINO-Chicago-IL.html/
Ann Kaplan	https://www.ratemds.com/doctor-ratings/2922083/Dr-ANN-KAPLAN-Chicago-IL.html/
Suzanne M. Collins	https://www.ratemds.com/doctor-ratings/2922374/Dr-SUZANNE+M.-COLLINS-WHEATON-IL.html/
Dr. Frank G. RUSSO	https://www.ratemds.com/doctor-ratings/2923437/Dr-Frank+G.-RUSSO-OAK+PARK-IL.html/
Douglas Mckinley	https://www.ratemds.com/doctor-ratings/2923456/Dr-DOUGLAS-MCKINLEY-Naperville-IL.html/
Cyndy J. Boyd	https://www.ratemds.com/doctor-ratings/2924040/Dr-CYNDY+J.-BOYD-Chicago-IL.html/
Bradley J. Saks	https://www.ratemds.com/doctor-ratings/2924360/Dr-BRADLEY+J.-SAKS-Glenview-IL.html/
Christoph H. Leonhard	https://www.ratemds.com/doctor-ratings/2924452/Dr-CHRISTOPH+H.-LEONHARD-Chicago-IL.html/
Karin Ruetzel	https://www.ratemds.com/doctor-ratings/2925018/Dr-KARIN-RUETZEL-EVANSTON-IL.html/
Don F. Zeidlhack	https://www.ratemds.com/doctor-ratings/2925536/Dr-DON+F.-ZEIDLHACK-NAPERVILLE-IL.html/
Marie A. Davidson	https://www.ratemds.com/doctor-ratings/2926320/Dr-MARIE+A.-DAVIDSON-Skokie-IL.html/
Whitney Belcher	https://www.ratemds.com/doctor-ratings/2926972/Dr-WHITNEY-BELCHER-Chicago-IL.html/
Nancy Remley	https://www.ratemds.com/doctor-ratings/2926989/Dr-NANCY-REMLEY-Evanston-IL.html/
Allen Siegel	https://www.ratemds.com/doctor-ratings/2928384/Dr-ALLEN-SIEGEL-CHICAGO-IL.html/
Michael C. BAUM	https://www.ratemds.com/doctor-ratings/2929430/Dr-Michael+C.-BAUM-Bloomington-IL.html/
Tria B. Murphy	https://www.ratemds.com/doctor-ratings/2930245/Dr-TRIA+B.-MURPHY-Chicago-IL.html/
Jerold O. Lind	https://www.ratemds.com/doctor-ratings/2930817/Dr-JEROLD+O.-LIND-Evanston-IL.html/
Daniel J. Cline	https://www.ratemds.com/doctor-ratings/2930908/Dr-DANIEL+J.-CLINE-Chicago-IL.html/
Gerald M. Hiller	https://www.ratemds.com/doctor-ratings/2931106/Dr-GERALD+M.-HILLER-Chicago-IL.html/
Norman Litowitz	https://www.ratemds.com/doctor-ratings/2931169/Dr-NORMAN-LITOWITZ-CHICAGO-IL.html/
Dr. Eunice CHEN	https://www.ratemds.com/doctor-ratings/2931185/Dr-Eunice-CHEN-Chicago-IL.html/
Dr. Emil Coccaro	https://www.ratemds.com/doctor-ratings/2931197/Dr-EMIL-COCCARO-Chicago-IL.html/
William N. HILGER	https://www.ratemds.com/doctor-ratings/2932474/Dr-William+N.-HILGER-NAPERVILLE-IL.html/
Lorna Crowl	https://www.ratemds.com/doctor-ratings/2932945/Dr-LORNA-CROWL-Wheaton-IL.html/
Dr. Scott Hunter	https://www.ratemds.com/doctor-ratings/2933612/Dr-SCOTT-HUNTER-CHICAGO-IL.html/
Marie E. Weissbourd	https://www.ratemds.com/doctor-ratings/2934071/Dr-MARIE+E.-WEISSBOURD-Chicago-IL.html/
Dr. Royce Lee	https://www.ratemds.com/doctor-ratings/2934202/Dr-ROYCE-LEE-Chicago-IL.html/
William M. Pinsof	https://www.ratemds.com/doctor-ratings/2934458/Dr-WILLIAM+M.-PINSOF-Chicago-IL.html/
Josip Pasic	https://www.ratemds.com/doctor-ratings/2934786/Dr-JOSIP-PASIC-CHICAGO-IL.html/
Kathleen L. Irving	https://www.ratemds.com/doctor-ratings/2934871/Dr-KATHLEEN+L.-IRVING-Downers+Grove-IL.html/
Karen H. Stickler	https://www.ratemds.com/doctor-ratings/2935264/Dr-KAREN+H.-STICKLER-Chicago-IL.html/
Dr. Lance D. Holemon	https://www.ratemds.com/doctor-ratings/2935552/Dr-LANCE+D.-HOLEMON-Chicago-IL.html/
Gregory E. Davis	https://www.ratemds.com/doctor-ratings/2935566/Dr-GREGORY+E.-DAVIS-Chicago-IL.html/
Barbara A. Silbert	https://www.ratemds.com/doctor-ratings/2936085/Dr-BARBARA+A.-SILBERT-CHICAGO-IL.html/
Dr. Donald A. Misch	https://www.ratemds.com/doctor-ratings/2936759/Dr-DONALD+A.-MISCH-Evanston-IL.html/
Harold E. Best	https://www.ratemds.com/doctor-ratings/2936795/Dr-HAROLD+E.-BEST-Rockford-IL.html/
Dr. Glen D. Pittman	https://www.ratemds.com/doctor-ratings/2936999/Dr-GLEN+D.-PITTMAN-Rushville-IL.html/
Irwin Z. Hoffman	https://www.ratemds.com/doctor-ratings/2937171/Dr-IRWIN+Z.-HOFFMAN-Chicago-IL.html/
Dr. Carlos Barrios	https://www.ratemds.com/doctor-ratings/2937364/Dr-CARLOS-BARRIOS-Aurora-IL.html/
Kathryn M. Doheny	https://www.ratemds.com/doctor-ratings/2937712/Dr-KATHRYN+M.-DOHENY-Chicago-IL.html/
Margaret M. Zulaski	https://www.ratemds.com/doctor-ratings/2938205/Dr-MARGARET+M.-ZULASKI-WHEATON-IL.html/
Craig Mccall	https://www.ratemds.com/doctor-ratings/2938292/Dr-CRAIG-MCCALL-GLENVIEW-IL.html/
Gail S. Petrich	https://www.ratemds.com/doctor-ratings/2938820/Dr-GAIL+S.-PETRICH-Naperville-IL.html/
Alexis L. Taubert	https://www.ratemds.com/doctor-ratings/2939082/Dr-ALEXIS+L.-TAUBERT-Chicago-IL.html/
Daniel F. Barnes	https://www.ratemds.com/doctor-ratings/2939325/Dr-DANIEL+F.-BARNES-Evanston-IL.html/
Richard J. Robertson	https://www.ratemds.com/doctor-ratings/2939583/Dr-RICHARD+J.-ROBERTSON-Glenview-IL.html/
Alome L. Stein	https://www.ratemds.com/doctor-ratings/2939816/Dr-ALOME+L.-STEIN-Naperville-IL.html/
Barbara A. BLAYLOCK	https://www.ratemds.com/doctor-ratings/2939984/Dr-Barbara+A.-BLAYLOCK-Champaign-IL.html/
Eugene S. CARROCCIA	https://www.ratemds.com/doctor-ratings/2940305/Dr-Eugene+S.-CARROCCIA-Oak+Lawn-IL.html/
Jill Birringer	https://www.ratemds.com/doctor-ratings/2940568/Dr-JILL-BIRRINGER-Evanston-IL.html/
Gary Kaniuk	https://www.ratemds.com/doctor-ratings/2940914/Dr-GARY-KANIUK-CHICAGO-IL.html/
Rita V. Rogan	https://www.ratemds.com/doctor-ratings/2941250/Dr-RITA+V.-ROGAN-Oak+Park-IL.html/
Shirley H. Susman	https://www.ratemds.com/doctor-ratings/2941691/Dr-SHIRLEY+H.-SUSMAN-Chicago-IL.html/
Bonnie J. Benzies	https://www.ratemds.com/doctor-ratings/2942580/Dr-BONNIE+J.-BENZIES-Wheaton-IL.html/
Pierre R. Nunez	https://www.ratemds.com/doctor-ratings/2942931/Dr-PIERRE+R.-NUNEZ-Chicago-IL.html/
Dr. Fred E. Ross	https://www.ratemds.com/doctor-ratings/2942950/Dr-FRED+E.-ROSS-Chicago-IL.html/
Alicia E. Lahoz	https://www.ratemds.com/doctor-ratings/2943318/Dr-ALICIA+E.-LAHOZ-Wheaton-IL.html/
Dr. L. Thompson	https://www.ratemds.com/doctor-ratings/2944132/Dr-L.-THOMPSON-EVANSTON-IL.html/
Thomas P. Cogan	https://www.ratemds.com/doctor-ratings/2944252/Dr-THOMAS+P.-COGAN-Chicago-IL.html/
Joseph F. Pribyl	https://www.ratemds.com/doctor-ratings/2944307/Dr-JOSEPH+F.-PRIBYL-Glenview-IL.html/
Paul J. Skiba	https://www.ratemds.com/doctor-ratings/2944394/Dr-PAUL+J.-SKIBA-Arlington+Heights-IL.html/
Claudia Mosier	https://www.ratemds.com/doctor-ratings/2944619/Dr-CLAUDIA-MOSIER-Chicago-IL.html/
Jay Lebow	https://www.ratemds.com/doctor-ratings/2946345/Dr-JAY-LEBOW-Evanston-IL.html/
Dorothy Zeman	https://www.ratemds.com/doctor-ratings/2946778/Dr-DOROTHY-ZEMAN-Naperville-IL.html/
Dr. John Larson	https://www.ratemds.com/doctor-ratings/2946907/Dr-JOHN-LARSON-DOWNERS+GROVE-IL.html/
Danielle A. Black	https://www.ratemds.com/doctor-ratings/2947159/Dr-DANIELLE+A.-BLACK-Evanston-IL.html/
Daniel G. Morjal	https://www.ratemds.com/doctor-ratings/2947315/Dr-DANIEL+G.-MORJAL-CHICAGO-IL.html/
Cynthia Ziemer	https://www.ratemds.com/doctor-ratings/2947340/Dr-CYNTHIA-ZIEMER-Oak+Park-IL.html/
Paula R. Young	https://www.ratemds.com/doctor-ratings/2947399/Dr-PAULA+R.-YOUNG-Evanston-IL.html/
Renee A. Redd	https://www.ratemds.com/doctor-ratings/2947833/Dr-RENEE+A.-REDD-Evanston-IL.html/
Dr. William R. Lynch	https://www.ratemds.com/doctor-ratings/2948173/Dr-WILLIAM+R.-LYNCH-Chicago-IL.html/
Rhonda N. Goldman	https://www.ratemds.com/doctor-ratings/2948540/Dr-RHONDA+N.-GOLDMAN-Evanston-IL.html/
Karen I. MARK	https://www.ratemds.com/doctor-ratings/2948856/Dr-Karen+I.-MARK-Bloomington-IL.html/
Trina M. Davis	https://www.ratemds.com/doctor-ratings/2948938/Dr-TRINA+M.-DAVIS-Chicago-IL.html/
Leslie J. Stein	https://www.ratemds.com/doctor-ratings/2949111/Dr-LESLIE+J.-STEIN-CHICAGO-IL.html/
Dr. William Moffett	https://www.ratemds.com/doctor-ratings/2949715/Dr-WILLIAM-MOFFETT-CHICAGO-IL.html/
Alvin D. Farmer	https://www.ratemds.com/doctor-ratings/2950391/Dr-ALVIN+D.-FARMER-Chicago-IL.html/
Barbara Danis	https://www.ratemds.com/doctor-ratings/2950625/Dr-BARBARA-DANIS-Chicago-IL.html/
Amy ROBBINS	https://www.ratemds.com/doctor-ratings/2950965/Dr-Amy-ROBBINS-CHICAGO-IL.html/
Janine G. Mullady	https://www.ratemds.com/doctor-ratings/2951151/Dr-JANINE+G.-MULLADY-GLENVIEW-IL.html/
Betty A. Riley	https://www.ratemds.com/doctor-ratings/2951176/Dr-BETTY+A.-RILEY-Wheaton-IL.html/
Gregory A. Miller	https://www.ratemds.com/doctor-ratings/2951231/Dr-GREGORY+A.-MILLER-Champaign-IL.html/
Sarah Keedy	https://www.ratemds.com/doctor-ratings/2951285/Dr-SARAH-KEEDY-CHICAGO-IL.html/
Dr. Paul Jones	https://www.ratemds.com/doctor-ratings/2951373/Dr-PAUL-JONES-CHICAGO-IL.html/
Jonathan WEINBERG	https://www.ratemds.com/doctor-ratings/2951785/Dr-Jonathan-WEINBERG-Chicago-IL.html/
Robert Buttell	https://www.ratemds.com/doctor-ratings/2951982/Dr-ROBERT-BUTTELL-Elgin-IL.html/
Mary H. Mcgreevy	https://www.ratemds.com/doctor-ratings/2952083/Dr-MARY+H.-MCGREEVY-Springfield-IL.html/
Lucille Nelson	https://www.ratemds.com/doctor-ratings/2952270/Dr-LUCILLE-NELSON-SKOKIE-IL.html/
Dr. Steven H. Hanus	https://www.ratemds.com/doctor-ratings/2952472/Dr-STEVEN+H.-HANUS-Evanston-IL.html/
Dr. Alan H. Goldberg	https://www.ratemds.com/doctor-ratings/2952514/Dr-ALAN+H.-GOLDBERG-Chicago-IL.html/
Christina A. Meyers	https://www.ratemds.com/doctor-ratings/2952662/Dr-CHRISTINA+A.-MEYERS-Schaumburg-IL.html/
Liza M. Suarez	https://www.ratemds.com/doctor-ratings/2952670/Dr-LIZA+M.-SUAREZ-Chicago-IL.html/
Robert D. SPECTOR	https://www.ratemds.com/doctor-ratings/2952853/Dr-Robert+D.-SPECTOR-Schaumburg-IL.html/
Gayle A. Mann	https://www.ratemds.com/doctor-ratings/2952967/Dr-GAYLE+A.-MANN-Oak+Park-IL.html/
Larry S. Stoler	https://www.ratemds.com/doctor-ratings/2953128/Dr-LARRY+S.-STOLER-Chicago-IL.html/
Dr. Carlos Kellenberger	https://www.ratemds.com/doctor-ratings/2953307/Dr-CARLOS-KELLENBERGER-Chicago-IL.html/
Robert R. Rodriguez	https://www.ratemds.com/doctor-ratings/2953458/Dr-ROBERT+R.-RODRIGUEZ-Chicago-IL.html/
Amy Ardison	https://www.ratemds.com/doctor-ratings/2954156/Dr-AMY-ARDISON-Skokie-IL.html/
James T. Dubose	https://www.ratemds.com/doctor-ratings/2954688/Dr-JAMES+T.-DUBOSE-Chicago-IL.html/
Dr. Andrew Zabiega	https://www.ratemds.com/doctor-ratings/2954695/Dr-ANDREW-ZABIEGA-BOLINGBROOK-IL.html/
F Kay Velisek	https://www.ratemds.com/doctor-ratings/2954787/Dr-F+KAY-VELISEK-ARLINGTON+HEIGHTS-IL.html/
Michael L. FIELDS	https://www.ratemds.com/doctor-ratings/2954855/Dr-Michael+L.-FIELDS-Chicago-IL.html/
Mary M. Pfeiffer	https://www.ratemds.com/doctor-ratings/2955004/Dr-MARY+M.-PFEIFFER-Chicago-IL.html/
Sarah M. Williams	https://www.ratemds.com/doctor-ratings/2955192/Dr-SARAH+M.-WILLIAMS-Chicago-IL.html/
Judith M. Stone	https://www.ratemds.com/doctor-ratings/2955426/Dr-JUDITH+M.-STONE-Chicago-IL.html/
Mary E. Connors	https://www.ratemds.com/doctor-ratings/2955427/Dr-MARY+E.-CONNORS-Chicago-IL.html/
Karen S. Pfost	https://www.ratemds.com/doctor-ratings/2955437/Dr-KAREN+S.-PFOST-Bloomington-IL.html/
Kathy P. Goggin	https://www.ratemds.com/doctor-ratings/2955742/Dr-KATHY+P.-GOGGIN-Chicago-IL.html/
Dr. Morton Millman	https://www.ratemds.com/doctor-ratings/2955863/Dr-MORTON-MILLMAN-CHICAGO-IL.html/
Gerald M. Sullivan	https://www.ratemds.com/doctor-ratings/2956264/Dr-GERALD+M.-SULLIVAN-Palatine-IL.html/
Dr. David Lipkin	https://www.ratemds.com/doctor-ratings/2956370/Dr-DAVID-LIPKIN-EVANSTON-IL.html/
Kennise M. Herring	https://www.ratemds.com/doctor-ratings/2956474/Dr-KENNISE+M.-HERRING-Chicago-IL.html/
Dr. Janine E. Donahue	https://www.ratemds.com/doctor-ratings/2956583/Dr-JANINE+E.-DONAHUE-Peoria-IL.html/
Benjamin L. Moore	https://www.ratemds.com/doctor-ratings/2957181/Dr-BENJAMIN+L.-MOORE-Bloomington-IL.html/
Ann Bregman	https://www.ratemds.com/doctor-ratings/2957253/Dr-ANN-BREGMAN-Chicago-IL.html/
Dr. Basheer Lotfi-Fard	https://www.ratemds.com/doctor-ratings/2957360/Dr-BASHEER-LOTFI-FARD-Chicago-IL.html/
Benjamin M. Anderson	https://www.ratemds.com/doctor-ratings/2958690/Dr-BENJAMIN+M.-ANDERSON-NAPERVILLE-IL.html/
Susan Myket	https://www.ratemds.com/doctor-ratings/2958872/Dr-SUSAN-MYKET-Naperville-IL.html/
Geoffrey L. Kern	https://www.ratemds.com/doctor-ratings/2959082/Dr-GEOFFREY+L.-KERN-Chicago-IL.html/
Julia A. Glazko	https://www.ratemds.com/doctor-ratings/2959842/Dr-JULIA+A.-GLAZKO-Downers+Grove-IL.html/
David DUNCAN	https://www.ratemds.com/doctor-ratings/2959857/Dr-David-DUNCAN-Naperville-IL.html/
Anthony F. Rotatori	https://www.ratemds.com/doctor-ratings/2960054/Dr-ANTHONY+F.-ROTATORI-Naperville-IL.html/
Thaddeus J. Garlewski	https://www.ratemds.com/doctor-ratings/2960630/Dr-THADDEUS+J.-GARLEWSKI-Chicago-IL.html/
Angela K. Picot	https://www.ratemds.com/doctor-ratings/2960957/Dr-ANGELA+K.-PICOT-Chicago-IL.html/
Jane E. Samuelson	https://www.ratemds.com/doctor-ratings/2961203/Dr-JANE+E.-SAMUELSON-Chicago-IL.html/
Mary S. SAMS	https://www.ratemds.com/doctor-ratings/2962503/Dr-Mary+S.-SAMS-Evanston-IL.html/
Beth Jacobs	https://www.ratemds.com/doctor-ratings/2963076/Dr-BETH-JACOBS-Evanston-IL.html/
Mary E. Doheny	https://www.ratemds.com/doctor-ratings/2963202/Dr-MARY+E.-DOHENY-Chicago-IL.html/
Idy B. Gitelson	https://www.ratemds.com/doctor-ratings/2963895/Dr-IDY+B.-GITELSON-Evanston-IL.html/
Mel French	https://www.ratemds.com/doctor-ratings/2964640/Dr-MEL-FRENCH-Bloomington-IL.html/
Kathleen A. HICKEY	https://www.ratemds.com/doctor-ratings/2965788/Dr-Kathleen+A.-HICKEY-Naperville-IL.html/
Jay M. Behel	https://www.ratemds.com/doctor-ratings/2967421/Dr-JAY+M.-BEHEL-Chicago-IL.html/
Enrique GONZALEZ	https://www.ratemds.com/doctor-ratings/2969303/Dr-Enrique-GONZALEZ-Chicago-IL.html/
Jenine L. Chiles	https://www.ratemds.com/doctor-ratings/2969389/Dr-JENINE+L.-CHILES-Chicago-IL.html/
Lisa K. Sharp	https://www.ratemds.com/doctor-ratings/2969405/Dr-LISA+K.-SHARP-CHICAGO-IL.html/
Jill E. Sullivan	https://www.ratemds.com/doctor-ratings/2969536/Dr-JILL+E.-SULLIVAN-Chicago-IL.html/
Dr. Stephen W. Robinson	https://www.ratemds.com/doctor-ratings/2970158/Dr-STEPHEN+W.-ROBINSON-Springfield-IL.html/
John L. Jackson	https://www.ratemds.com/doctor-ratings/2970229/Dr-JOHN+L.-JACKSON-Chicago-IL.html/
Thomas H. Tupa	https://www.ratemds.com/doctor-ratings/2970393/Dr-THOMAS+H.-TUPA-Orland+Park-IL.html/
Jeanne Brower	https://www.ratemds.com/doctor-ratings/2970941/Dr-JEANNE-BROWER-Joliet-IL.html/
Charles E. Behrenspsy	https://www.ratemds.com/doctor-ratings/2973499/Dr-CHARLES+E.-BEHRENSPSY-Chicago-IL.html/
Dr. Elena Deckys	https://www.ratemds.com/doctor-ratings/2975564/Dr-ELENA-DECKYS-Chicago-IL.html/
Dr. Suena H. Massey	https://www.ratemds.com/doctor-ratings/2976227/Dr-SUENA+H.-MASSEY-CHICAGO-IL.html/
Laurie H. Philipps	https://www.ratemds.com/doctor-ratings/2977228/Dr-LAURIE+H.-PHILIPPS-Arlington+Hts-IL.html/
Judy K. Osgood	https://www.ratemds.com/doctor-ratings/2978304/Dr-JUDY+K.-OSGOOD-Champaign-IL.html/
Jack Hungerford	https://www.ratemds.com/doctor-ratings/2978309/Dr-JACK-HUNGERFORD-Evanston-IL.html/
Janet L. Ostrand	https://www.ratemds.com/doctor-ratings/2978344/Dr-JANET+L.-OSTRAND-Chicago-IL.html/
Patricia D. Dore	https://www.ratemds.com/doctor-ratings/2978600/Dr-PATRICIA+D.-DORE-Chicago-IL.html/
Sabine Schmid	https://www.ratemds.com/doctor-ratings/2979663/Dr-SABINE-SCHMID-Chicago-IL.html/
Donald R. Catherall	https://www.ratemds.com/doctor-ratings/2979782/Dr-DONALD+R.-CATHERALL-Chicago-IL.html/
John F. Smith	https://www.ratemds.com/doctor-ratings/2980505/Dr-JOHN+F.-SMITH-OAK+LAWN-IL.html/
Stephen G. VINCENT	https://www.ratemds.com/doctor-ratings/2980822/Dr-Stephen+G.-VINCENT-Springfield-IL.html/
Mario P. Giacomuzzi	https://www.ratemds.com/doctor-ratings/2983888/Dr-MARIO+P.-GIACOMUZZI-Arlington+Hts-IL.html/
Margaret R. Bongiorno	https://www.ratemds.com/doctor-ratings/2984009/Dr-MARGARET+R.-BONGIORNO-Wheaton-IL.html/
Robert L. Jackson	https://www.ratemds.com/doctor-ratings/2984422/Dr-ROBERT+L.-JACKSON-Springfield-IL.html/
Kelly M. Ducheny	https://www.ratemds.com/doctor-ratings/2985336/Dr-KELLY+M.-DUCHENY-Chicago-IL.html/
Alexandra H. Solomon	https://www.ratemds.com/doctor-ratings/2985873/Dr-ALEXANDRA+H.-SOLOMON-Evanston-IL.html/
Dr. Toya D. Clay	https://www.ratemds.com/doctor-ratings/2986373/Dr-TOYA+D.-CLAY-Chicago-IL.html/
Karin M. Nussbaum	https://www.ratemds.com/doctor-ratings/2987758/Dr-KARIN+M.-NUSSBAUM-Chicago-IL.html/
E. Susanne Francis	https://www.ratemds.com/doctor-ratings/2987777/Dr-E.+SUSANNE-FRANCIS-CHICAGO-IL.html/
Sue Bae	https://www.ratemds.com/doctor-ratings/2988700/Dr-SUE-BAE-Naperville-IL.html/
Charles C. Anderson	https://www.ratemds.com/doctor-ratings/2988980/Dr-CHARLES+C.-ANDERSON-Arlington+Heights-IL.html/
Latanya Mcfield	https://www.ratemds.com/doctor-ratings/2989221/Dr-LATANYA-MCFIELD-CHICAGO-IL.html/
Mindy S. Magrane	https://www.ratemds.com/doctor-ratings/2989596/Dr-MINDY+S.-MAGRANE-CHICAGO-IL.html/
Jay Einhorn	https://www.ratemds.com/doctor-ratings/2990965/Dr-JAY-EINHORN-Evanston-IL.html/
David A. Shor	https://www.ratemds.com/doctor-ratings/2991045/Dr-DAVID+A.-SHOR-Evanston-IL.html/
Cara L. Hurley	https://www.ratemds.com/doctor-ratings/2992298/Dr-CARA+L.-HURLEY-Chicago-IL.html/
Alvin E. House	https://www.ratemds.com/doctor-ratings/2993250/Dr-ALVIN+E.-HOUSE-Normal-IL.html/
Cheryl O'Toole	https://www.ratemds.com/doctor-ratings/2993339/Dr-CHERYL-O&apos;TOOLE-CHICAGO-IL.html/
Henry J. PERKINS	https://www.ratemds.com/doctor-ratings/2993723/Dr-Henry+J.-PERKINS-Chicago-IL.html/
Donald L. White	https://www.ratemds.com/doctor-ratings/2994162/Dr-DONALD+L.-WHITE-CHICAGO-IL.html/
Cynthia A. Ebert	https://www.ratemds.com/doctor-ratings/2996316/Dr-CYNTHIA+A.-EBERT-Chicago-IL.html/
Geneva R. Abiko	https://www.ratemds.com/doctor-ratings/2996469/Dr-GENEVA+R.-ABIKO-Champaign-IL.html/
Dr. Sarah F. Nayeem	https://www.ratemds.com/doctor-ratings/2998834/Dr-SARAH+F.-NAYEEM-Chicago-IL.html/
Nydia L. Welles	https://www.ratemds.com/doctor-ratings/3000427/Dr-NYDIA+L.-WELLES-Skokie-IL.html/
Dr. Sanjay M. PATEL	https://www.ratemds.com/doctor-ratings/3002463/Dr-Sanjay+M.-PATEL-Chicago-IL.html/
Dr. Glenn M. Horwitz	https://www.ratemds.com/doctor-ratings/3003291/Dr-GLENN+M.-HORWITZ-Hoffman+Estates-IL.html/
Alisa M. Mundt	https://www.ratemds.com/doctor-ratings/3003508/Dr-ALISA+M.-MUNDT-Chicago-IL.html/
Dr. Salahuddin  Syed	https://www.ratemds.com/doctor-ratings/3003701/Dr-SALAHUDDIN+I.-SYED-Hoffman+Estates-IL.html/
Shannon S. DOYLE	https://www.ratemds.com/doctor-ratings/3004818/Dr-Shannon+S.-DOYLE-Arlington+Heights-IL.html/
Bill H. Grimm	https://www.ratemds.com/doctor-ratings/3005541/Dr-BILL+H.-GRIMM-Downers+Grove-IL.html/
James B. Conant	https://www.ratemds.com/doctor-ratings/3006238/Dr-JAMES+B.-CONANT-CHICAGO-IL.html/
Laura E. Lambert	https://www.ratemds.com/doctor-ratings/3006562/Dr-LAURA+E.-LAMBERT-Chicago-IL.html/
Margaret S. Warner	https://www.ratemds.com/doctor-ratings/3007761/Dr-MARGARET+S.-WARNER-Chicago-IL.html/
Dr. Joel K. CARROLL	https://www.ratemds.com/doctor-ratings/3009204/Dr-Joel+K.-CARROLL-Skokie-IL.html/
Jennifer L. Francis	https://www.ratemds.com/doctor-ratings/3010581/Dr-JENNIFER+L.-FRANCIS-Chicago-IL.html/
Sung J. Cho	https://www.ratemds.com/doctor-ratings/3014066/Dr-SUNG+J.-CHO-Chicago-IL.html/
Elaine N. Kulp	https://www.ratemds.com/doctor-ratings/3014592/Dr-ELAINE+N.-KULP-Chicago-IL.html/
Ean Gensler	https://www.ratemds.com/doctor-ratings/3014792/Dr-EAN-GENSLER-CHICAGO-IL.html/
Peggy Wingo	https://www.ratemds.com/doctor-ratings/3015119/Dr-PEGGY-WINGO-Chicago-IL.html/
William H. WELCH	https://www.ratemds.com/doctor-ratings/3017311/Dr-William+H.-WELCH-Rockford-IL.html/
Donald J. Miro	https://www.ratemds.com/doctor-ratings/3017438/Dr-DONALD+J.-MIRO-Evanston-IL.html/
Dr. Umee Da'Vae	https://www.ratemds.com/doctor-ratings/3017862/Dr-UMEE-DA&apos;VAE-Evanston-IL.html/
Rachel L. Loftin	https://www.ratemds.com/doctor-ratings/3018597/Dr-RACHEL+L.-LOFTIN-Chicago-IL.html/
Chad E. Owen	https://www.ratemds.com/doctor-ratings/3018864/Dr-CHAD+E.-OWEN-Chicago-IL.html/
Missy J. Bundy	https://www.ratemds.com/doctor-ratings/3019920/Dr-MISSY+J.-BUNDY-Chicago-IL.html/
Hollie M. Sobel	https://www.ratemds.com/doctor-ratings/3019985/Dr-HOLLIE+M.-SOBEL-Chicago-IL.html/
Dr. William S. MILES	https://www.ratemds.com/doctor-ratings/3020192/Dr-William+S.-MILES-Chicago-IL.html/
Thor Johansen	https://www.ratemds.com/doctor-ratings/3020582/Dr-THOR-JOHANSEN-CHICAGO-IL.html/
Robert S. Hirsch	https://www.ratemds.com/doctor-ratings/3021021/Dr-ROBERT+S.-HIRSCH-Chicago-IL.html/
Jordon Levin	https://www.ratemds.com/doctor-ratings/3021613/Dr-JORDON-LEVIN-CHICAGO-IL.html/
Farah Ali	https://www.ratemds.com/doctor-ratings/3023039/Dr-FARAH-ALI-CHICAGO-IL.html/
Wanda F. Grant	https://www.ratemds.com/doctor-ratings/3023269/Dr-WANDA+F.-GRANT-Chicago-IL.html/
James W. GRIFFITH	https://www.ratemds.com/doctor-ratings/3024817/Dr-James+W.-GRIFFITH-Evanston-IL.html/
Anna L. Hammond	https://www.ratemds.com/doctor-ratings/3026130/Dr-ANNA+L.-HAMMOND-NAPERVILLE-IL.html/
Dr. Angela Smyth	https://www.ratemds.com/doctor-ratings/3027143/Dr-ANGELA-SMYTH-Chicago-IL.html/
Joan Sophie	https://www.ratemds.com/doctor-ratings/3028023/Dr-JOAN-SOPHIE-Chicago-IL.html/
Deborah SCOTT	https://www.ratemds.com/doctor-ratings/3028169/Dr-Deborah-SCOTT-Chicago-IL.html/
Dr. Yetunde Johnson	https://www.ratemds.com/doctor-ratings/3028599/Dr-YETUNDE-JOHNSON-Chicago-IL.html/
Nap Pozulp	https://www.ratemds.com/doctor-ratings/3029726/Dr-NAP-POZULP-Chicago-IL.html/
Rose M. Torres	https://www.ratemds.com/doctor-ratings/3030547/Dr-ROSE+M.-TORRES-CHICAGO-IL.html/
Audrey Parsley	https://www.ratemds.com/doctor-ratings/3031053/Dr-AUDREY-PARSLEY-Chicago-IL.html/
Nancy L. Easton	https://www.ratemds.com/doctor-ratings/3032089/Dr-NANCY+L.-EASTON-Chicago-IL.html/
Carol S. Yoken	https://www.ratemds.com/doctor-ratings/3032720/Dr-CAROL+S.-YOKEN-Chicago-IL.html/
Dr. Katharine K. Ruhl	https://www.ratemds.com/doctor-ratings/3032819/Dr-KATHARINE+K.-RUHL-Skokie-IL.html/
Dr. Semen S. Spirin	https://www.ratemds.com/doctor-ratings/3033018/Dr-SEMEN+S.-SPIRIN-Schaumburg-IL.html/
Tommie L. Maynor	https://www.ratemds.com/doctor-ratings/3033974/Dr-TOMMIE+L.-MAYNOR-Chicago-IL.html/
Rebecca S. Meyer	https://www.ratemds.com/doctor-ratings/3034701/Dr-REBECCA+S.-MEYER-CHICAGO-IL.html/
Martha Hinkle	https://www.ratemds.com/doctor-ratings/3036512/Dr-MARTHA-HINKLE-Arlington+Heights-IL.html/
Austin Yang	https://www.ratemds.com/doctor-ratings/3036617/Dr-AUSTIN-YANG-CHICAGO-IL.html/
Dr. Naim Khoury	https://www.ratemds.com/doctor-ratings/3036849/Dr-NAIM-KHOURY-Springfield-IL.html/
Martha H. Angel	https://www.ratemds.com/doctor-ratings/3037340/Dr-MARTHA+H.-ANGEL-Oak+Park-IL.html/
Randa Sabbagha	https://www.ratemds.com/doctor-ratings/3037353/Dr-RANDA-SABBAGHA-Chicago-IL.html/
Marcia S. Gibson	https://www.ratemds.com/doctor-ratings/3039105/Dr-MARCIA+S.-GIBSON-Bolingbrook-IL.html/
Cathy Shehorn	https://www.ratemds.com/doctor-ratings/3039337/Dr-CATHY-SHEHORN-Peoria-IL.html/
Sandy L. Colbs	https://www.ratemds.com/doctor-ratings/3039429/Dr-SANDY+L.-COLBS-Bloomington-IL.html/
Shane M. Reister	https://www.ratemds.com/doctor-ratings/3041331/Dr-SHANE+M.-REISTER-OAK+PARK-IL.html/
Lisa M. Busch	https://www.ratemds.com/doctor-ratings/3043312/Dr-LISA+M.-BUSCH-Naperville-IL.html/
Elizabeth Hoemeke	https://www.ratemds.com/doctor-ratings/3043363/Dr-ELIZABETH-HOEMEKE-CHICAGO-IL.html/
Nick Wilhelm	https://www.ratemds.com/doctor-ratings/3044189/Dr-NICK-WILHELM-CHICAGO-IL.html/
Mary L. Davis	https://www.ratemds.com/doctor-ratings/3044969/Dr-MARY+L.-DAVIS-Oak+Park-IL.html/
Elise D. Massie	https://www.ratemds.com/doctor-ratings/3045416/Dr-ELISE+D.-MASSIE-Chicago-IL.html/
Elissa Blake-Noble	https://www.ratemds.com/doctor-ratings/3045653/Dr-ELISSA-BLAKE-NOBLE-Chicago-IL.html/
Dr. James NEWMAN	https://www.ratemds.com/doctor-ratings/3046317/Dr-James-NEWMAN-Evanston-IL.html/
Gladys L. Croom	https://www.ratemds.com/doctor-ratings/3046521/Dr-GLADYS+L.-CROOM-Chicago-IL.html/
Ian E. Wickramasekera	https://www.ratemds.com/doctor-ratings/3047495/Dr-IAN+E.-WICKRAMASEKERA-Chicago-IL.html/
Heather D. Sheets	https://www.ratemds.com/doctor-ratings/3049222/Dr-HEATHER+D.-SHEETS-Chicago-IL.html/
Paulette M. Stronczek	https://www.ratemds.com/doctor-ratings/3049456/Dr-PAULETTE+M.-STRONCZEK-Evanston-IL.html/
Amy West	https://www.ratemds.com/doctor-ratings/3049707/Dr-AMY-WEST-Chicago-IL.html/
Neil R. Bockian	https://www.ratemds.com/doctor-ratings/3049783/Dr-NEIL+R.-BOCKIAN-Chicago-IL.html/
John C. Hardie	https://www.ratemds.com/doctor-ratings/3049926/Dr-JOHN+C.-HARDIE-Chicago-IL.html/
Jamie F. Riley	https://www.ratemds.com/doctor-ratings/3050043/Dr-JAMIE+F.-RILEY-Chicago-IL.html/
Peter R. Brown	https://www.ratemds.com/doctor-ratings/3050181/Dr-PETER+R.-BROWN-Orland+Park-IL.html/
Darlene A. Wright	https://www.ratemds.com/doctor-ratings/3050344/Dr-DARLENE+A.-WRIGHT-Chicago-IL.html/
Jill M. Zeglis	https://www.ratemds.com/doctor-ratings/3050574/Dr-JILL+M.-ZEGLIS-Chicago-IL.html/
Christina M. Warner-Metzger	https://www.ratemds.com/doctor-ratings/3050671/Dr-CHRISTINA+M.-WARNER-METZGER-CHICAGO-IL.html/
Paul M. Yakin	https://www.ratemds.com/doctor-ratings/3051454/Dr-PAUL+M.-YAKIN-Chicago-IL.html/
Gerald O'KEEFE	https://www.ratemds.com/doctor-ratings/3051616/Dr-Gerald-O&apos;KEEFE-Chicago-IL.html/
Beth I. Wilner	https://www.ratemds.com/doctor-ratings/3052113/Dr-BETH+I.-WILNER-Schaumburg-IL.html/
Nicholas R. Hammond	https://www.ratemds.com/doctor-ratings/3052911/Dr-NICHOLAS+R.-HAMMOND-CHICAGO-IL.html/
not valid	https://www.ratemds.com/doctor-ratings/3052920/Dr-not-valid-NAPERVILLE-IL.html/
Felix Caceres	https://www.ratemds.com/doctor-ratings/3053786/Dr-FELIX-CACERES-CHICAGO-IL.html/
Miriam M. Tighe	https://www.ratemds.com/doctor-ratings/3053953/Dr-MIRIAM+M.-TIGHE-Glenview-IL.html/
Rebecca J. Bergen	https://www.ratemds.com/doctor-ratings/3054381/Dr-REBECCA+J.-BERGEN-Evanston-IL.html/
Jennifer R. Shibley	https://www.ratemds.com/doctor-ratings/3055473/Dr-JENNIFER+R.-SHIBLEY-Peoria-IL.html/
Trista Robinson	https://www.ratemds.com/doctor-ratings/3055687/Dr-TRISTA-ROBINSON-Chicago-IL.html/
Marvin R. Cohen	https://www.ratemds.com/doctor-ratings/3056337/Dr-MARVIN+R.-COHEN-OAK+PARK-IL.html/
Alina S. Viola	https://www.ratemds.com/doctor-ratings/3056875/Dr-ALINA+S.-VIOLA-CHICAGO-IL.html/
Aryn G. Froum	https://www.ratemds.com/doctor-ratings/3057014/Dr-ARYN+G.-FROUM-Evanston-IL.html/
Asif A. Khan	https://www.ratemds.com/doctor-ratings/3057951/Dr-ASIF+A.-KHAN-Wheaton-IL.html/
Yasmeen Khan	https://www.ratemds.com/doctor-ratings/3057974/Dr-YASMEEN-KHAN-WHEATON-IL.html/
Denise L. Tompkins	https://www.ratemds.com/doctor-ratings/3058257/Dr-DENISE+L.-TOMPKINS-Naperville-IL.html/
Keith J. Avery	https://www.ratemds.com/doctor-ratings/3058846/Dr-KEITH+J.-AVERY-Naperville-IL.html/
Amanda J. Rosenkoetter	https://www.ratemds.com/doctor-ratings/3058852/Dr-AMANDA+J.-ROSENKOETTER-Naperville-IL.html/
Seoka A. Salstrom	https://www.ratemds.com/doctor-ratings/3059587/Dr-SEOKA+A.-SALSTROM-SKOKIE-IL.html/
Dr. Brian M. Mcfaul	https://www.ratemds.com/doctor-ratings/3059677/Dr-BRIAN+M.-MCFAUL-SCHAUMBURG-IL.html/
Rebecca E. Ford-Paz	https://www.ratemds.com/doctor-ratings/3060346/Dr-REBECCA+E.-FORD-PAZ-Chicago-IL.html/
Michelle Y. Holliday	https://www.ratemds.com/doctor-ratings/3060443/Dr-MICHELLE+Y.-HOLLIDAY-Oak+Park-IL.html/
Frank L. Summers	https://www.ratemds.com/doctor-ratings/3062549/Dr-FRANK+L.-SUMMERS-Chicago-IL.html/
Karen Throntveit	https://www.ratemds.com/doctor-ratings/3062876/Dr-KAREN-THRONTVEIT-Naperville-IL.html/
Michelle Emerick	https://www.ratemds.com/doctor-ratings/3065025/Dr-MICHELLE-EMERICK-Chicago-IL.html/
John P. Smagner	https://www.ratemds.com/doctor-ratings/3065817/Dr-JOHN+P.-SMAGNER-Chicago-IL.html/
Stacy N. Kvet	https://www.ratemds.com/doctor-ratings/3066802/Dr-STACY+N.-KVET-Chicago-IL.html/
Nathalie Deutsch	https://www.ratemds.com/doctor-ratings/3067352/Dr-NATHALIE-DEUTSCH-Chicago-IL.html/
Michelle L. Rosen	https://www.ratemds.com/doctor-ratings/3068841/Dr-MICHELLE+L.-ROSEN-Arlington+Heights-IL.html/
Wendy Cunningham	https://www.ratemds.com/doctor-ratings/3069236/Dr-WENDY-CUNNINGHAM-Naperville-IL.html/
Peter S. Bennett	https://www.ratemds.com/doctor-ratings/3069616/Dr-PETER+S.-BENNETT-Chicago-IL.html/
Josh Singh	https://www.ratemds.com/doctor-ratings/3069797/Dr-JOSH-SINGH-Chicago-IL.html/
Cynthia K. Gaffigan	https://www.ratemds.com/doctor-ratings/3069908/Dr-CYNTHIA+K.-GAFFIGAN-CHICAGO-IL.html/
Mary E. Glynos Vanderplow	https://www.ratemds.com/doctor-ratings/3070864/Dr-MARY+E.-GLYNOS+VANDERPLOW-Chicago-IL.html/
Christine E. Carpenter	https://www.ratemds.com/doctor-ratings/3070879/Dr-CHRISTINE+E.-CARPENTER-Chicago-IL.html/
John W. Allen	https://www.ratemds.com/doctor-ratings/3071109/Dr-JOHN+W.-ALLEN-CHICAGO-IL.html/
Lisa B. Gordon	https://www.ratemds.com/doctor-ratings/3071358/Dr-LISA+B.-GORDON-Evanston-IL.html/
Jane A. Braun	https://www.ratemds.com/doctor-ratings/3071676/Dr-Jane+A.-Braun-Schaumburg-IL.html/
Beth Baxter	https://www.ratemds.com/doctor-ratings/3071851/Dr-BETH-BAXTER-Naperville-IL.html/
Robert E. Stoner	https://www.ratemds.com/doctor-ratings/3071925/Dr-ROBERT+E.-STONER-Joliet-IL.html/
Jamin Gahm	https://www.ratemds.com/doctor-ratings/3072627/Dr-JAMIN-GAHM-Joliet-IL.html/
Anjali T. Naik Polan	https://www.ratemds.com/doctor-ratings/3072923/Dr-ANJALI+T.-NAIK+POLAN-Chicago-IL.html/
Harold Fuentes	https://www.ratemds.com/doctor-ratings/3073816/Dr-HAROLD-FUENTES-Chicago-IL.html/
Holly A. Bishop	https://www.ratemds.com/doctor-ratings/3074069/Dr-HOLLY+A.-BISHOP-PALATINE-IL.html/
Soroush Mohandessi	https://www.ratemds.com/doctor-ratings/3075003/Dr-SOROUSH-MOHANDESSI-CHICAGO-IL.html/
Patricia Cole	https://www.ratemds.com/doctor-ratings/3075168/Dr-PATRICIA-COLE-Chicago-IL.html/
Patricia GARCIA	https://www.ratemds.com/doctor-ratings/3075295/Dr-Patricia-GARCIA-Hoffman+Estates-IL.html/
Peter Seifert	https://www.ratemds.com/doctor-ratings/3076302/Dr-PETER-SEIFERT-CHICAGO-IL.html/
Alyson E. Henry	https://www.ratemds.com/doctor-ratings/3077492/Dr-ALYSON+E.-HENRY-Chicago-IL.html/
Christine GAGNON	https://www.ratemds.com/doctor-ratings/3077545/Dr-Christine-GAGNON-Chicago-IL.html/
Edmond J. Yomtoob	https://www.ratemds.com/doctor-ratings/3078180/Dr-EDMOND+J.-YOMTOOB-Chicago-IL.html/
Dr. Melanie Mckean	https://www.ratemds.com/doctor-ratings/3079311/Dr-MELANIE-MCKEAN-CHICAGO-IL.html/
Robin M. Dorman	https://www.ratemds.com/doctor-ratings/3079318/Dr-ROBIN+M.-DORMAN-Chicago-IL.html/
Jennifer Klapatch	https://www.ratemds.com/doctor-ratings/3079319/Dr-JENNIFER-KLAPATCH-Chicago-IL.html/
Janet Heikes	https://www.ratemds.com/doctor-ratings/3083985/Dr-JANET-HEIKES-Wheaton-IL.html/
Adina B. Keesom	https://www.ratemds.com/doctor-ratings/3085545/Dr-ADINA+B.-KEESOM-Chicago-IL.html/
Jason C. King	https://www.ratemds.com/doctor-ratings/3085623/Dr-JASON+C.-KING-Evanston-IL.html/
David E. Victorson	https://www.ratemds.com/doctor-ratings/3087122/Dr-DAVID+E.-VICTORSON-Glenview-IL.html/
Dr. Rahul S. PATEL	https://www.ratemds.com/doctor-ratings/3087370/Dr-Rahul+S.-PATEL-Normal-IL.html/
Dr. Christopher L. Myers	https://www.ratemds.com/doctor-ratings/3087888/Dr-CHRISTOPHER+L.-MYERS-Chicago-IL.html/
Dr. Marcela D. Almeida	https://www.ratemds.com/doctor-ratings/3087898/Dr-MARCELA+D.-ALMEIDA-Chicago-IL.html/
Elisa G. Lapine	https://www.ratemds.com/doctor-ratings/3088431/Dr-ELISA+G.-LAPINE-Chicago-IL.html/
Mihcelle L. Cutler	https://www.ratemds.com/doctor-ratings/3088603/Dr-MIHCELLE+L.-CUTLER-Chicago-IL.html/
Amber Tesman	https://www.ratemds.com/doctor-ratings/3088784/Dr-AMBER-TESMAN-Champaign-IL.html/
Jan H. Roy	https://www.ratemds.com/doctor-ratings/3089193/Dr-JAN+H.-ROY-Chicago-IL.html/
Linda Hardy	https://www.ratemds.com/doctor-ratings/3091923/Dr-LINDA-HARDY-SKOKIE-IL.html/
Dr. Rachel M. Harlan Link	https://www.ratemds.com/doctor-ratings/3092794/Dr-RACHEL+M.-HARLAN+LINK-Springfield-IL.html/
Dr. Shimul Kumbhani	https://www.ratemds.com/doctor-ratings/3094300/Dr-SHIMUL-KUMBHANI-Chicago-IL.html/
Dr. Tamara Boers	https://www.ratemds.com/doctor-ratings/3094809/Dr-TAMARA-BOERS-Chicago-IL.html/
Dr. Jennifer J. Clumpner	https://www.ratemds.com/doctor-ratings/3094817/Dr-JENNIFER+J.-CLUMPNER-Chicago-IL.html/
John K. Schlesinger	https://www.ratemds.com/doctor-ratings/3095864/Dr-JOHN+K.-SCHLESINGER-Evanston-IL.html/
Dr. Milap A. Nowrangi	https://www.ratemds.com/doctor-ratings/3096350/Dr-MILAP+A.-NOWRANGI-Chicago-IL.html/
Paula M. Gorlitz	https://www.ratemds.com/doctor-ratings/3096449/Dr-PAULA+M.-GORLITZ-Chicago-IL.html/
Ana L. NUNEZ	https://www.ratemds.com/doctor-ratings/3097941/Dr-Ana+L.-NUNEZ-Chicago-IL.html/
Lori A. Bolnick	https://www.ratemds.com/doctor-ratings/3099130/Dr-LORI+A.-BOLNICK-Schaumburg-IL.html/
Vinh Dang	https://www.ratemds.com/doctor-ratings/3102144/Dr-VINH-DANG-JOLIET-IL.html/
Dr. Jennifer Hardwick	https://www.ratemds.com/doctor-ratings/3102414/Dr-JENNIFER-HARDWICK-Springfield-IL.html/
Lorna L. Sanchez	https://www.ratemds.com/doctor-ratings/3102416/Dr-LORNA+L.-SANCHEZ-Chicago-IL.html/
Lindsay Harms	https://www.ratemds.com/doctor-ratings/3103287/Dr-LINDSAY-HARMS-Peoria-IL.html/
Dr. Mohammed Shreiba	https://www.ratemds.com/doctor-ratings/3104024/Dr-MOHAMMED-SHREIBA-Springfield-IL.html/
Dr. Lokesh Shahani	https://www.ratemds.com/doctor-ratings/3105498/Dr-LOKESH-SHAHANI-Springfield-IL.html/
Fowzia J. Khan	https://www.ratemds.com/doctor-ratings/3105547/Dr-FOWZIA+J.-KHAN-Chicago-IL.html/
Dr. Smita S. Reddy	https://www.ratemds.com/doctor-ratings/3106414/Dr-SMITA+S.-REDDY-Evanston-IL.html/
Dr. Kavita Jagarlamudi	https://www.ratemds.com/doctor-ratings/3109108/Dr-KAVITA-JAGARLAMUDI-Chicago-IL.html/
Stacey Pelton	https://www.ratemds.com/doctor-ratings/3109992/Dr-STACEY-PELTON-Schaumburg-IL.html/
Dr. Johnathon P. Yost	https://www.ratemds.com/doctor-ratings/3110659/Dr-JOHNATHON+P.-YOST-Springfield-IL.html/
Denise A. Olson	https://www.ratemds.com/doctor-ratings/3113842/Dr-DENISE+A.-OLSON-Wheaton-IL.html/
Ted Rubenstein	https://www.ratemds.com/doctor-ratings/3114293/Dr-TED-RUBENSTEIN-Evanston-IL.html/
Courtland Tisdale	https://www.ratemds.com/doctor-ratings/3114394/Dr-COURTLAND-TISDALE-CHICAGO-IL.html/
Allison Schechter	https://www.ratemds.com/doctor-ratings/3114655/Dr-ALLISON-SCHECHTER-CHICAGO-IL.html/
Dr. Yen-Yi Peng	https://www.ratemds.com/doctor-ratings/3114688/Dr-YEN-YI-PENG-SPRINGFIELD-IL.html/
Dr. Michael A. MORENO	https://www.ratemds.com/doctor-ratings/3114906/Dr-Michael+A.-MORENO-Chicago-IL.html/
Dr. Edward Pirok	https://www.ratemds.com/doctor-ratings/3114989/Dr-EDWARD-PIROK-CHICAGO-IL.html/
Dr. Sheila C. Lahijani	https://www.ratemds.com/doctor-ratings/3115028/Dr-SHEILA+C.-LAHIJANI-Chicago-IL.html/
Dr. Richelle Porapaiboon	https://www.ratemds.com/doctor-ratings/3115048/Dr-RICHELLE-PORAPAIBOON-CHICAGO-IL.html/
Dr. Rebecca O'Donnell	https://www.ratemds.com/doctor-ratings/3115169/Dr-REBECCA-O&apos;DONNELL-Chicago-IL.html/
Dr. Elise Rehn	https://www.ratemds.com/doctor-ratings/3115195/Dr-ELISE-REHN-Chicago-IL.html/
Dr. Breanne C. Briskey	https://www.ratemds.com/doctor-ratings/3115263/Dr-BREANNE+C.-BRISKEY-Wheaton-IL.html/
Dr. Adrienne M. Yourek	https://www.ratemds.com/doctor-ratings/3115498/Dr-ADRIENNE+M.-YOUREK-Hoffman+Estates-IL.html/
Dr. Hossam M. Mahmoud	https://www.ratemds.com/doctor-ratings/3115522/Dr-HOSSAM+M.-MAHMOUD-Chicago-IL.html/
Dr. Sarah A. Zakaria	https://www.ratemds.com/doctor-ratings/3115569/Dr-SARAH+A.-ZAKARIA-Chicago-IL.html/
Dr. Jada Johnson	https://www.ratemds.com/doctor-ratings/3115677/Dr-JADA-JOHNSON-Chicago-IL.html/
Sarah E. Murphy	https://www.ratemds.com/doctor-ratings/3115713/Dr-SARAH+E.-MURPHY-CHICAGO-IL.html/
Dr. Gaurav JAIN	https://www.ratemds.com/doctor-ratings/3115803/Dr-Gaurav-JAIN-Springfield-IL.html/
Dr. Cory M. Nohl	https://www.ratemds.com/doctor-ratings/3115913/Dr-CORY+M.-NOHL-Chicago-IL.html/
Dr. Nicholas M. Hatzis	https://www.ratemds.com/doctor-ratings/3115931/Dr-NICHOLAS+M.-HATZIS-Chicago-IL.html/
Dr. Erin M. Stanton	https://www.ratemds.com/doctor-ratings/3115974/Dr-ERIN+M.-STANTON-Chicago-IL.html/
Dr. Katherine M. Rye	https://www.ratemds.com/doctor-ratings/3116112/Dr-KATHERINE+M.-RYE-Chicago-IL.html/
Michael E. Bricker	https://www.ratemds.com/doctor-ratings/3116272/Dr-MICHAEL+E.-BRICKER-Chicago-IL.html/
Dr. Darnika C. Graham	https://www.ratemds.com/doctor-ratings/3116684/Dr-DARNIKA+C.-GRAHAM-JOLIET-IL.html/
Dr. Walter J. Lampa	https://www.ratemds.com/doctor-ratings/3116727/Dr-WALTER+J.-LAMPA-Chicago-IL.html/
Dr. Kelly Mckinell	https://www.ratemds.com/doctor-ratings/3116962/Dr-KELLY-MCKINELL-CHICAGO-IL.html/
Michelle S. Wasserman	https://www.ratemds.com/doctor-ratings/3117837/Dr-MICHELLE+S.-WASSERMAN-Chicago-IL.html/
Michael R. DAVISON	https://www.ratemds.com/doctor-ratings/3118000/Dr-Michael+R.-DAVISON-Arlington+Hts-IL.html/
Abdul Basit	https://www.ratemds.com/doctor-ratings/3118203/Dr-ABDUL-BASIT-Orland+Park-IL.html/
Dr. Jonathan J. Howard	https://www.ratemds.com/doctor-ratings/3118366/Dr-JONATHAN+J.-HOWARD-Chicago-IL.html/
Sheela Raja	https://www.ratemds.com/doctor-ratings/3119258/Dr-SHEELA-RAJA-CHICAGO-IL.html/
Dr. Shilpa Diwan	https://www.ratemds.com/doctor-ratings/3119931/Dr-SHILPA-DIWAN-Joliet-IL.html/
Dr. Andrei V. Pankov	https://www.ratemds.com/doctor-ratings/3120682/Dr-ANDREI+V.-PANKOV-Chicago-IL.html/
Dr. Madhukar Kumar	https://www.ratemds.com/doctor-ratings/3123829/Dr-MADHUKAR-KUMAR-Chicago-IL.html/
Gale M. Sargeant	https://www.ratemds.com/doctor-ratings/3125638/Dr-GALE+M.-SARGEANT-Chicago-IL.html/
Tari N. Mellinger	https://www.ratemds.com/doctor-ratings/3125833/Dr-TARI+N.-MELLINGER-Chicago-IL.html/
Kristina Patrick	https://www.ratemds.com/doctor-ratings/3125909/Dr-KRISTINA-PATRICK-CHICAGO-IL.html/
Jodi Dasher	https://www.ratemds.com/doctor-ratings/3126434/Dr-JODI-DASHER-Joliet-IL.html/
Dr. Alexis Mermigas	https://www.ratemds.com/doctor-ratings/3127356/Dr-ALEXIS-MERMIGAS-Chicago-IL.html/
Carol A. Moses-Robinson	https://www.ratemds.com/doctor-ratings/3129427/Dr-CAROL+A.-MOSES-ROBINSON-Chicago-IL.html/
Eugenie B. Pabst	https://www.ratemds.com/doctor-ratings/3129570/Dr-EUGENIE+B.-PABST-Chicago-IL.html/
Dr. Marie L. Truong	https://www.ratemds.com/doctor-ratings/3130591/Dr-MARIE+L.-TRUONG-Chicago-IL.html/
Dr. Alan Robertson	https://www.ratemds.com/doctor-ratings/3131795/Dr-ALAN-ROBERTSON-CHICAGO-IL.html/
Kennon P. Mckee	https://www.ratemds.com/doctor-ratings/3132214/Dr-KENNON+P.-MCKEE-Chicago-IL.html/
Carlos Quezada-Gomez	https://www.ratemds.com/doctor-ratings/3132511/Dr-CARLOS-QUEZADA-GOMEZ-Chicago-IL.html/
Dr. Thomas Cantey	https://www.ratemds.com/doctor-ratings/3132564/Dr-THOMAS-CANTEY-Chicago-IL.html/
Ann V. Gecevis	https://www.ratemds.com/doctor-ratings/3134512/Dr-ANN+V.-GECEVIS-Orland+Park-IL.html/
Angela K. Lawson	https://www.ratemds.com/doctor-ratings/3135779/Dr-ANGELA+K.-LAWSON-Chicago-IL.html/
Norton Knopf	https://www.ratemds.com/doctor-ratings/3136109/Dr-NORTON-KNOPF-Chicago-IL.html/
Jamie L. Gayle	https://www.ratemds.com/doctor-ratings/3136226/Dr-JAMIE+L.-GAYLE-Skokie-IL.html/
Courtney Finn	https://www.ratemds.com/doctor-ratings/3136261/Dr-COURTNEY-FINN-EVANSTON-IL.html/
Charles H. Berry	https://www.ratemds.com/doctor-ratings/3136707/Dr-CHARLES+H.-BERRY-Chicago-IL.html/
Sherry S. Kostman	https://www.ratemds.com/doctor-ratings/3138035/Dr-SHERRY+S.-KOSTMAN-Chicago-IL.html/
Robyn Inaba	https://www.ratemds.com/doctor-ratings/3139400/Dr-ROBYN-INABA-Chicago-IL.html/
AMY L. Luer Savage	https://www.ratemds.com/doctor-ratings/3140359/Dr-AMY+L.-Luer+Savage-Evanston-IL.html/
Amy Siston	https://www.ratemds.com/doctor-ratings/3140475/Dr-AMY-SISTON-Chicago-IL.html/
Amber D. Bauer-Gambla	https://www.ratemds.com/doctor-ratings/3140714/Dr-AMBER+D.-BAUER-GAMBLA-CHICAGO-IL.html/
Bernadette Evans-Smith	https://www.ratemds.com/doctor-ratings/3141308/Dr-BERNADETTE-EVANS-SMITH-Skokie-IL.html/
Clark Mckown	https://www.ratemds.com/doctor-ratings/3141331/Dr-CLARK-MCKOWN-Skokie-IL.html/
Gregory Stasi	https://www.ratemds.com/doctor-ratings/3141357/Dr-GREGORY-STASI-Glenview-IL.html/
Meryl Lipton	https://www.ratemds.com/doctor-ratings/3141360/Dr-MERYL-LIPTON-Skokie-IL.html/
Kelly W. Lowry	https://www.ratemds.com/doctor-ratings/3141375/Dr-KELLY+W.-LOWRY-Chicago-IL.html/
Katherine L. Berg	https://www.ratemds.com/doctor-ratings/3141634/Dr-KATHERINE+L.-BERG-Chicago-IL.html/
Robert N. Lusk	https://www.ratemds.com/doctor-ratings/3141825/Dr-ROBERT+N.-LUSK-Normal-IL.html/
Laura J. Barrows	https://www.ratemds.com/doctor-ratings/3142139/Dr-LAURA+J.-BARROWS-Skokie-IL.html/
Jennifer E. KOCH	https://www.ratemds.com/doctor-ratings/3142846/Dr-Jennifer+E.-KOCH-Bloomington-IL.html/
Colleen M. Fairbanks	https://www.ratemds.com/doctor-ratings/3143150/Dr-COLLEEN+M.-FAIRBANKS-CHICAGO-IL.html/
Eduardo  Montoya	https://www.ratemds.com/doctor-ratings/3143401/Dr-EDUARDO-MONTOYA-Wheaton-IL.html/
Christopher L. Menard	https://www.ratemds.com/doctor-ratings/3144627/Dr-CHRISTOPHER+L.-MENARD-Champaign-IL.html/
Edelyn Verona	https://www.ratemds.com/doctor-ratings/3147159/Dr-EDELYN-VERONA-Champaign-IL.html/
Ari Graff	https://www.ratemds.com/doctor-ratings/3147160/Dr-ARI-GRAFF-Chicago-IL.html/
Eugene Farmer	https://www.ratemds.com/doctor-ratings/3148252/Dr-EUGENE-FARMER-Chicago-IL.html/
Charles P. La Chance	https://www.ratemds.com/doctor-ratings/3148832/Dr-CHARLES+P.-LA+CHANCE-HOFFMAN+ESTATES-IL.html/
Nicole Springer-Iannantuoni	https://www.ratemds.com/doctor-ratings/3150229/Dr-NICOLE-SPRINGER-IANNANTUONI-Naperville-IL.html/
David C. Garron	https://www.ratemds.com/doctor-ratings/3150340/Dr-DAVID+C.-GARRON-Chicago-IL.html/
Ellen M. Stone	https://www.ratemds.com/doctor-ratings/3151035/Dr-ELLEN+M.-STONE-CHICAGO-IL.html/
Martin D. Oliveira	https://www.ratemds.com/doctor-ratings/3151245/Dr-MARTIN+D.-OLIVEIRA-Chicago-IL.html/
Aisha Kazi	https://www.ratemds.com/doctor-ratings/3152119/Dr-AISHA-KAZI-Chicago-IL.html/
David BERKMAN	https://www.ratemds.com/doctor-ratings/3153221/Dr-David-BERKMAN-Chicago-IL.html/
Leah Paskar	https://www.ratemds.com/doctor-ratings/3153292/Dr-LEAH-PASKAR-Chicago-IL.html/
Heather M. Brown	https://www.ratemds.com/doctor-ratings/3153394/Dr-HEATHER+M.-BROWN-Arlington+Heights-IL.html/
Kelly G. Baron	https://www.ratemds.com/doctor-ratings/3153999/Dr-KELLY+G.-BARON-Chicago-IL.html/
Dr. Joseph A. Kipta	https://www.ratemds.com/doctor-ratings/3155156/Dr-JOSEPH+A.-KIPTA-Chicago-IL.html/
Julie E. O'Malley	https://www.ratemds.com/doctor-ratings/3156806/Dr-JULIE+E.-O&apos;MALLEY-Chicago-IL.html/
Michelle S. White	https://www.ratemds.com/doctor-ratings/3156965/Dr-MICHELLE+S.-WHITE-CHICAGO-IL.html/
Aaron COOPER	https://www.ratemds.com/doctor-ratings/3157058/Dr-Aaron-COOPER-Chicago-IL.html/
Martin Mccarthy	https://www.ratemds.com/doctor-ratings/3157691/Dr-MARTIN-MCCARTHY-Evanston-IL.html/
Dr. Elizabeth A. Chmelik	https://www.ratemds.com/doctor-ratings/3159090/Dr-ELIZABETH+A.-CHMELIK-Chicago-IL.html/
Dr. John F. Egger	https://www.ratemds.com/doctor-ratings/3160884/Dr-JOHN+F.-EGGER-Chicago-IL.html/
Dr. Rania M. Johnson	https://www.ratemds.com/doctor-ratings/3161137/Dr-RANIA+M.-JOHNSON-Chicago-IL.html/
Dr. Eric M. Edwards	https://www.ratemds.com/doctor-ratings/3161581/Dr-ERIC+M.-EDWARDS-Chicago-IL.html/
Dr. Andrew H. Liew	https://www.ratemds.com/doctor-ratings/3164156/Dr-ANDREW+H.-LIEW-Chicago-IL.html/
Dr. Bethany H. Campbell	https://www.ratemds.com/doctor-ratings/3164242/Dr-BETHANY+H.-CAMPBELL-Chicago-IL.html/
Dr. Michael T. Churchwell	https://www.ratemds.com/doctor-ratings/3164288/Dr-MICHAEL+T.-CHURCHWELL-Chicago-IL.html/
Courtney D. Burtscher	https://www.ratemds.com/doctor-ratings/3164695/Dr-COURTNEY+D.-BURTSCHER-Chicago-IL.html/
Dr. Ashley N. Bassett	https://www.ratemds.com/doctor-ratings/3165737/Dr-ASHLEY+N.-BASSETT-Chicago-IL.html/
Tina M. Gremore	https://www.ratemds.com/doctor-ratings/3166069/Dr-TINA+M.-GREMORE-Evanston-IL.html/
Thomas R. CAMPION	https://www.ratemds.com/doctor-ratings/3166421/Dr-Thomas+R.-CAMPION-Champaign-IL.html/
Dr. Sapna Sareen	https://www.ratemds.com/doctor-ratings/3166461/Dr-SAPNA-SAREEN-CHICAGO-IL.html/
Donna R. BAPTISTE	https://www.ratemds.com/doctor-ratings/3166666/Dr-Donna+R.-BAPTISTE-Chicago-IL.html/
Amy B. Willcoxon	https://www.ratemds.com/doctor-ratings/3166900/Dr-AMY+B.-WILLCOXON-Hoffman+Estates-IL.html/
Bianka N. Hardin	https://www.ratemds.com/doctor-ratings/3167746/Dr-BIANKA+N.-HARDIN-Chicago-IL.html/
Jamie A. Cvengros	https://www.ratemds.com/doctor-ratings/3167768/Dr-JAMIE+A.-CVENGROS-Chicago-IL.html/
James P. Lynch	https://www.ratemds.com/doctor-ratings/3168314/Dr-JAMES+P.-LYNCH-Chicago-IL.html/
Kristen Hick	https://www.ratemds.com/doctor-ratings/3168491/Dr-KRISTEN-HICK-Skokie-IL.html/
Dr. Joseph S. Fisher	https://www.ratemds.com/doctor-ratings/3168544/Dr-JOSEPH+S.-FISHER-Chicago-IL.html/
Alesia O. Hawkins	https://www.ratemds.com/doctor-ratings/3169162/Dr-ALESIA+O.-HAWKINS-ROCKFORD-IL.html/
Michelle D. James	https://www.ratemds.com/doctor-ratings/3169754/Dr-MICHELLE+D.-JAMES-Chicago-IL.html/
Dr. Subodh Jain	https://www.ratemds.com/doctor-ratings/3169806/Dr-SUBODH-JAIN-Springfield-IL.html/
Ja'Net M. Seward	https://www.ratemds.com/doctor-ratings/3170070/Dr-JA&apos;NET+M.-SEWARD-OAK+LAWN-IL.html/
Cynthia A. Brander	https://www.ratemds.com/doctor-ratings/3170308/Dr-CYNTHIA+A.-BRANDER-ROCKFORD-IL.html/
Dr. Adam C. Brown	https://www.ratemds.com/doctor-ratings/3171098/Dr-ADAM+C.-BROWN-Chicago-IL.html/
June Parks	https://www.ratemds.com/doctor-ratings/3171291/Dr-JUNE-PARKS-CHICAGO-IL.html/
Dr. Melanie M. Venable	https://www.ratemds.com/doctor-ratings/3171603/Dr-MELANIE+M.-VENABLE-Chicago-IL.html/
Neera Mehta	https://www.ratemds.com/doctor-ratings/3173248/Dr-NEERA-MEHTA-Chicago-IL.html/
Lisa Dworkin	https://www.ratemds.com/doctor-ratings/3173632/Dr-LISA-DWORKIN-CHICAGO-IL.html/
Michelle R. Myers	https://www.ratemds.com/doctor-ratings/3173904/Dr-MICHELLE+R.-MYERS-Orland+Park-IL.html/
Dr. Joao V. Busnello	https://www.ratemds.com/doctor-ratings/3175265/Dr-JOAO+V.-BUSNELLO-Chicago-IL.html/
Jennifer Shultz	https://www.ratemds.com/doctor-ratings/3175677/Dr-JENNIFER-SHULTZ-Chicago-IL.html/
Mitchell C. Sandy	https://www.ratemds.com/doctor-ratings/3176254/Dr-MITCHELL+C.-SANDY-Oak+Park-IL.html/
Sarah H. Krcmarik	https://www.ratemds.com/doctor-ratings/3176804/Dr-SARAH+H.-KRCMARIK-BERWYN-IL.html/
Cheryl Lind	https://www.ratemds.com/doctor-ratings/3176944/Dr-CHERYL-LIND-Glenview-IL.html/
Dr. Trinadha Pilla	https://www.ratemds.com/doctor-ratings/3177010/Dr-TRINADHA-PILLA-Springfield-IL.html/
Dr. Pravesh Basnet	https://www.ratemds.com/doctor-ratings/3177058/Dr-PRAVESH-BASNET-Springfield-IL.html/
Teri Hull	https://www.ratemds.com/doctor-ratings/3178076/Dr-TERI-HULL-NAPERVILLE-IL.html/
Matthew W. Wadland	https://www.ratemds.com/doctor-ratings/3178216/Dr-MATTHEW+W.-WADLAND-CHICAGO-IL.html/
Deirdre Schwallie	https://www.ratemds.com/doctor-ratings/3179208/Dr-DEIRDRE-SCHWALLIE-GLENVIEW-IL.html/
Joyce E. Nugent-Hirschbeck	https://www.ratemds.com/doctor-ratings/3179613/Dr-JOYCE+E.-NUGENT-HIRSCHBECK-Tinley+Park-IL.html/
Laurie Sackett-Maniacci	https://www.ratemds.com/doctor-ratings/3180282/Dr-LAURIE-SACKETT-MANIACCI-NAPERVILLE-IL.html/
Kathy Z. Jefson	https://www.ratemds.com/doctor-ratings/3180979/Dr-KATHY+Z.-JEFSON-Chicago-IL.html/
Peter Jaksa	https://www.ratemds.com/doctor-ratings/3182635/Dr-PETER-JAKSA-Chicago-IL.html/
Karen Drescher	https://www.ratemds.com/doctor-ratings/3182699/Dr-KAREN-DRESCHER-ARLINGTON+HEIGHTS-IL.html/
Teresa M. Clements	https://www.ratemds.com/doctor-ratings/3182803/Dr-TERESA+M.-CLEMENTS-Arlington+Heights-IL.html/
Clairalice Campini	https://www.ratemds.com/doctor-ratings/3183432/Dr-CLAIRALICE-CAMPINI-Chicago-IL.html/
David BRISTER	https://www.ratemds.com/doctor-ratings/3183648/Dr-David-BRISTER-Skokie-IL.html/
Amy L. Ray	https://www.ratemds.com/doctor-ratings/3184739/Dr-AMY+L.-RAY-Joliet-IL.html/
David Cosio	https://www.ratemds.com/doctor-ratings/3184924/Dr-DAVID-COSIO-Chicago-IL.html/
Catherine A. Brodehl	https://www.ratemds.com/doctor-ratings/3185111/Dr-CATHERINE+A.-BRODEHL-SPRINGFIELD-IL.html/
Terri Richmond	https://www.ratemds.com/doctor-ratings/3185794/Dr-TERRI-RICHMOND-Chicago-IL.html/
Dr. Deborah L. Guris	https://www.ratemds.com/doctor-ratings/3186289/Dr-DEBORAH+L.-GURIS-Chicago-IL.html/
Aliza Diamond Haas	https://www.ratemds.com/doctor-ratings/3186430/Dr-ALIZA-DIAMOND+HAAS-Chicago-IL.html/
John P. Baker	https://www.ratemds.com/doctor-ratings/3186431/Dr-JOHN+P.-BAKER-Champaign-IL.html/
Samantha M. Weinstein	https://www.ratemds.com/doctor-ratings/3186570/Dr-SAMANTHA+M.-WEINSTEIN-Naperville-IL.html/
Tal Raviv	https://www.ratemds.com/doctor-ratings/3187397/Dr-TAL-RAVIV-Chicago-IL.html/
Tracy E. Moran	https://www.ratemds.com/doctor-ratings/3187880/Dr-TRACY+E.-MORAN-Chicago-IL.html/
Lisa Goldman	https://www.ratemds.com/doctor-ratings/3188833/Dr-LISA-GOLDMAN-CHICAGO-IL.html/
Kristy M. Kohler	https://www.ratemds.com/doctor-ratings/3188835/Dr-KRISTY+M.-KOHLER-Chicago-IL.html/
Jennifer L. Duffecy	https://www.ratemds.com/doctor-ratings/3190521/Dr-JENNIFER+L.-DUFFECY-CHICAGO-IL.html/
Kristina P. Pecora	https://www.ratemds.com/doctor-ratings/3190942/Dr-KRISTINA+P.-PECORA-Chicago-IL.html/
Maudette Jackson	https://www.ratemds.com/doctor-ratings/3191067/Dr-MAUDETTE-JACKSON-CHICAGO-IL.html/
Lauren Gerber	https://www.ratemds.com/doctor-ratings/3192022/Dr-LAUREN-GERBER-Chicago-IL.html/
Merilyn M. Salomon	https://www.ratemds.com/doctor-ratings/3192061/Dr-MERILYN+M.-SALOMON-Chicago-IL.html/
Rachel C. Tercek	https://www.ratemds.com/doctor-ratings/3192488/Dr-Rachel+C.-Tercek-Skokie-IL.html/
Paula M. Mackenzie	https://www.ratemds.com/doctor-ratings/3192527/Dr-PAULA+M.-MACKENZIE-Rockford-IL.html/
Melissa J. Miller	https://www.ratemds.com/doctor-ratings/3193173/Dr-MELISSA+J.-MILLER-Chicago-IL.html/
Patrick CORRIGAN	https://www.ratemds.com/doctor-ratings/3194117/Dr-Patrick-CORRIGAN-GLENVIEW-IL.html/
John Levitt	https://www.ratemds.com/doctor-ratings/3207012/Dr-John-Levitt-Hoffman+Estates-IL.html/
Linda Smith	https://www.ratemds.com/doctor-ratings/3207016/Dr-Linda-Smith-Champaign-IL.html/
Hal Filian	https://www.ratemds.com/doctor-ratings/3207549/Dr-Hal-Filian-Hoffman+Estates-IL.html/
Dr. DAVID W. Carrington	https://www.ratemds.com/doctor-ratings/3208650/Dr-DAVID+W.-Carrington-Chicago-IL.html/
Dr. Marley A. Doyle	https://www.ratemds.com/doctor-ratings/3209560/Dr-MARLEY+A.-DOYLE-Chicago-IL.html/
Glen J. Veed	https://www.ratemds.com/doctor-ratings/3211169/Dr-GLEN+J.-VEED-Chicago-IL.html/
Stacy Clark	https://www.ratemds.com/doctor-ratings/3211301/Dr-STACY-CLARK-Chicago-IL.html/
Dr. Rebecca Durkin	https://www.ratemds.com/doctor-ratings/3211424/Dr-REBECCA-DURKIN-Chicago-IL.html/
Dr. Shreedhar Kulkarni	https://www.ratemds.com/doctor-ratings/3212292/Dr-SHREEDHAR-KULKARNI-Springfield-IL.html/
Dr. Aghaegbulam H. Uga	https://www.ratemds.com/doctor-ratings/3212424/Dr-AGHAEGBULAM+H.-UGA-Springfield-IL.html/
Dr. Austin B. Osborn	https://www.ratemds.com/doctor-ratings/3212750/Dr-AUSTIN+B.-OSBORN-Chicago-IL.html/
Dr. Kamna Handa	https://www.ratemds.com/doctor-ratings/3212785/Dr-KAMNA-HANDA-Springfield-IL.html/
Victor F. Spatafora	https://www.ratemds.com/doctor-ratings/3212990/Dr-VICTOR+F.-SPATAFORA-Downers+Grove-IL.html/
Kelli F. JOHNSON	https://www.ratemds.com/doctor-ratings/3213039/Dr-Kelli+F.-JOHNSON-Chicago-IL.html/
Nancy A. Kratz	https://www.ratemds.com/doctor-ratings/3213040/Dr-NANCY+A.-KRATZ-Naperville-IL.html/
Ayako Konno	https://www.ratemds.com/doctor-ratings/3213453/Dr-AYAKO-KONNO-Chicago-IL.html/
Andrew G. Beatty	https://www.ratemds.com/doctor-ratings/3213877/Dr-ANDREW+G.-BEATTY-CHICAGO-IL.html/
Jena H. Stallings	https://www.ratemds.com/doctor-ratings/3214679/Dr-JENA+H.-STALLINGS-Chicago-IL.html/
Ritamaria Laird	https://www.ratemds.com/doctor-ratings/3215736/Dr-RITAMARIA-LAIRD-CHICAGO-IL.html/
Jennie Streem Ozan	https://www.ratemds.com/doctor-ratings/3217655/Dr-JENNIE-STREEM+OZAN-ARLINGTON+HEIGHTS-IL.html/
Kyle W. Boerke	https://www.ratemds.com/doctor-ratings/3217825/Dr-KYLE+W.-BOERKE-Peoria-IL.html/
Peter Battista	https://www.ratemds.com/doctor-ratings/3218214/Dr-PETER-BATTISTA-Chicago-IL.html/
Kristin M. Anderson	https://www.ratemds.com/doctor-ratings/3218748/Dr-KRISTIN+M.-ANDERSON-Schaumburg-IL.html/
Nneka S. Jones	https://www.ratemds.com/doctor-ratings/3218908/Dr-NNEKA+S.-JONES-Chicago-IL.html/
Erin Telford	https://www.ratemds.com/doctor-ratings/3219491/Dr-ERIN-TELFORD-Chicago-IL.html/
Sarah H. Levi	https://www.ratemds.com/doctor-ratings/3219736/Dr-SARAH+H.-LEVI-Chicago-IL.html/
Rebecca Stout-Fowler	https://www.ratemds.com/doctor-ratings/3220907/Dr-REBECCA-STOUT-FOWLER-Chicago-IL.html/
Heather A. Heinrich	https://www.ratemds.com/doctor-ratings/3221120/Dr-HEATHER+A.-HEINRICH-Normal-IL.html/
Joseph E. Wallach	https://www.ratemds.com/doctor-ratings/3222089/Dr-JOSEPH+E.-WALLACH-Evanston-IL.html/
Dana B. Wagner	https://www.ratemds.com/doctor-ratings/3222140/Dr-DANA+B.-WAGNER-NAPERVILLE-IL.html/
Pamela K. Ruffer	https://www.ratemds.com/doctor-ratings/3222686/Dr-PAMELA+K.-RUFFER-Mount+Prospect-IL.html/
Thomas Farmer	https://www.ratemds.com/doctor-ratings/3222873/Dr-THOMAS-FARMER-Chicago-IL.html/
Sara Bahn	https://www.ratemds.com/doctor-ratings/3224614/Dr-SARA-BAHN-SPRINGFIELD-IL.html/
Rachel E. Goldsmith	https://www.ratemds.com/doctor-ratings/3225121/Dr-RACHEL+E.-GOLDSMITH-Chicago-IL.html/
Doungkwan J. Mojica	https://www.ratemds.com/doctor-ratings/3225205/Dr-DOUNGKWAN+J.-MOJICA-CHICAGO-IL.html/
Wanda R. Bradford	https://www.ratemds.com/doctor-ratings/3225264/Dr-WANDA+R.-BRADFORD-Orland+Park-IL.html/
Dr. Sinh Tran	https://www.ratemds.com/doctor-ratings/3225575/Dr-SINH-TRAN-Chicago-IL.html/
Michelle M. Greene	https://www.ratemds.com/doctor-ratings/3225667/Dr-MICHELLE+M.-GREENE-CHICAGO-IL.html/
Seth R. Hatlelid	https://www.ratemds.com/doctor-ratings/3225950/Dr-SETH+R.-HATLELID-Bloomington-IL.html/
Sara M. Stone	https://www.ratemds.com/doctor-ratings/3227132/Dr-SARA+M.-STONE-OAK+PARK-IL.html/
Janette Williams	https://www.ratemds.com/doctor-ratings/3227454/Dr-JANETTE-WILLIAMS-Naperville-IL.html/
Dr. Elizabeth J. ERICKSON	https://www.ratemds.com/doctor-ratings/3227903/Dr-Elizabeth+J.-ERICKSON-Chicago-IL.html/
Dr. Jacqueline Landess	https://www.ratemds.com/doctor-ratings/3227954/Dr-JACQUELINE-LANDESS-Chicago-IL.html/
Kenneth Jackson	https://www.ratemds.com/doctor-ratings/3231274/Dr-KENNETH-JACKSON-Chicago-IL.html/
Samira G. Didos	https://www.ratemds.com/doctor-ratings/3231333/Dr-SAMIRA+G.-DIDOS-Champaign-IL.html/
Yoendry Torres	https://www.ratemds.com/doctor-ratings/3231339/Dr-YOENDRY-TORRES-Chicago-IL.html/
Dr. John G. MORENO	https://www.ratemds.com/doctor-ratings/3231388/Dr-John+G.-MORENO-Chicago-IL.html/
Christiane V. Blanco-Oilar	https://www.ratemds.com/doctor-ratings/3231765/Dr-CHRISTIANE+V.-BLANCO-OILAR-Chicago-IL.html/
Brandy M. Baker	https://www.ratemds.com/doctor-ratings/3232091/Dr-BRANDY+M.-BAKER-Chicago-IL.html/
Tamara A. Johnson	https://www.ratemds.com/doctor-ratings/3232433/Dr-TAMARA+A.-JOHNSON-EVANSTON-IL.html/
Nicholas E. Jasinski	https://www.ratemds.com/doctor-ratings/3232448/Dr-NICHOLAS+E.-JASINSKI-ARLINGTON+HEIGHTS-IL.html/
Elsa Baehr	https://www.ratemds.com/doctor-ratings/3233475/Dr-ELSA-BAEHR-Skokie-IL.html/
Anita R. Hund	https://www.ratemds.com/doctor-ratings/3233677/Dr-ANITA+R.-HUND-Champaign-IL.html/
Megan Markey	https://www.ratemds.com/doctor-ratings/3234356/Dr-MEGAN+M.-HOOD-Chicago-IL.html/
Marc A. Browning	https://www.ratemds.com/doctor-ratings/3234925/Dr-MARC+A.-BROWNING-Naperville-IL.html/
Blaine Lesnik	https://www.ratemds.com/doctor-ratings/3235887/Dr-BLAINE-LESNIK-Chicago-IL.html/
Brooke Magers	https://www.ratemds.com/doctor-ratings/3236098/Dr-BROOKE-MAGERS-Evanston-IL.html/
Jason E. Lahood	https://www.ratemds.com/doctor-ratings/3236358/Dr-JASON+E.-LAHOOD-Chicago-IL.html/
Laura C. Rusch	https://www.ratemds.com/doctor-ratings/3236618/Dr-LAURA+C.-RUSCH-Skokie-IL.html/
Jodie E. Goldberg	https://www.ratemds.com/doctor-ratings/3236830/Dr-JODIE+E.-GOLDBERG-Chicago-IL.html/
Daniel J. Kelly	https://www.ratemds.com/doctor-ratings/3236950/Dr-DANIEL+J.-KELLY-Oak+Park-IL.html/
Amber L. Fasula	https://www.ratemds.com/doctor-ratings/3236959/Dr-AMBER+L.-FASULA-Chicago-IL.html/
Steven Gaskell	https://www.ratemds.com/doctor-ratings/3237041/Dr-STEVEN-GASKELL-NAPERVILLE-IL.html/
April E. Jones	https://www.ratemds.com/doctor-ratings/3237744/Dr-APRIL+E.-JONES-CHICAGO-IL.html/
Dr. Moira K. Kessler	https://www.ratemds.com/doctor-ratings/3237745/Dr-MOIRA+K.-KESSLER-Chicago-IL.html/
Dr. Dacia J. Harrold	https://www.ratemds.com/doctor-ratings/3238327/Dr-DACIA+J.-HARROLD-Chicago-IL.html/
Kyle A. Weber	https://www.ratemds.com/doctor-ratings/3238686/Dr-KYLE+A.-WEBER-Naperville-IL.html/
John P. Neafsey	https://www.ratemds.com/doctor-ratings/3239754/Dr-JOHN+P.-NEAFSEY-Chicago-IL.html/
Holly A. Hunley	https://www.ratemds.com/doctor-ratings/3239774/Dr-HOLLY+A.-HUNLEY-Chicago-IL.html/
Nneka E. Onyezia	https://www.ratemds.com/doctor-ratings/3240309/Dr-NNEKA+E.-ONYEZIA-CHICAGO-IL.html/
Marian Puffer	https://www.ratemds.com/doctor-ratings/3240488/Dr-MARIAN-PUFFER-HOFFMAN+ESTATES-IL.html/
Dr. Monika S. Aneja	https://www.ratemds.com/doctor-ratings/3240632/Dr-MONIKA+S.-ANEJA-Chicago-IL.html/
Jeffrey A. Coady	https://www.ratemds.com/doctor-ratings/3241947/Dr-JEFFREY+A.-COADY-CHICAGO-IL.html/
Nancy Roffman	https://www.ratemds.com/doctor-ratings/3242076/Dr-NANCY-ROFFMAN-Chicago-IL.html/
Karina Corradi	https://www.ratemds.com/doctor-ratings/3242474/Dr-KARINA-CORRADI-ARLINGTON+HEIGHTS-IL.html/
Colin F. Ennis	https://www.ratemds.com/doctor-ratings/3242995/Dr-COLIN+F.-ENNIS-Chicago-IL.html/
Eiko K. Venovic	https://www.ratemds.com/doctor-ratings/3243265/Dr-EIKO+K.-VENOVIC-Wheaton-IL.html/
Dr. Evan C. Silvi	https://www.ratemds.com/doctor-ratings/3243383/Dr-EVAN+C.-SILVI-Rockford-IL.html/
Sara M. Hegerty	https://www.ratemds.com/doctor-ratings/3243785/Dr-SARA+M.-HEGERTY-CHICAGO-IL.html/
Dr. Aman Mahajan	https://www.ratemds.com/doctor-ratings/3244636/Dr-AMAN-MAHAJAN-Springfield-IL.html/
Dr. Jonathan Kirscher	https://www.ratemds.com/doctor-ratings/3245189/Dr-JONATHAN-KIRSCHER-Chicago-IL.html/
Bethany J. Price	https://www.ratemds.com/doctor-ratings/3245517/Dr-BETHANY+J.-PRICE-Evanston-IL.html/
Shenay N. Bridges	https://www.ratemds.com/doctor-ratings/3245733/Dr-SHENAY+N.-BRIDGES-Chicago-IL.html/
Dr. Norman V. KOHN	https://www.ratemds.com/doctor-ratings/3251340/Dr-Norman+V.-KOHN-Chicago-IL.html/
Dietra D. Teichmann	https://www.ratemds.com/doctor-ratings/3255036/Dr-DIETRA+D.-TEICHMANN-Peoria-IL.html/
Dr. Marlene M. Alejos	https://www.ratemds.com/doctor-ratings/3256900/Dr-Marlene+M.-Alejos-Tinley+Park-IL.html/
Dr. Phuy-Mar T. HLA	https://www.ratemds.com/doctor-ratings/3256915/Dr-Phuy-Mar+T.-HLA-Tinley+Park-IL.html/
Dr. Albert C. Lo	https://www.ratemds.com/doctor-ratings/3257100/Dr-Albert+C.-Lo-Champaign-IL.html/
Dr. Howard S. Paul	https://www.ratemds.com/doctor-ratings/3258246/Dr-Howard+S.-Paul-Rockford-IL.html/
Shirley R. Baron	https://www.ratemds.com/doctor-ratings/3258392/Dr-SHIRLEY+R.-BARON-Chicago-IL.html/
Dr. Yehia Khoga	https://www.ratemds.com/doctor-ratings/3258489/Dr-Yehia+A.-Khoga-Rockford-IL.html/
Ronald F. Zec	https://www.ratemds.com/doctor-ratings/3260489/Dr-RONALD+F.-ZEC-SPRINGFIELD-IL.html/
John G. Sonnenberg	https://www.ratemds.com/doctor-ratings/3261172/Dr-JOHN+G.-SONNENBERG-Chicago-IL.html/
Daniel Fallon	https://www.ratemds.com/doctor-ratings/3262869/Dr-DANIEL-FALLON-Tinley+Park-IL.html/
Christopher RANDOLPH	https://www.ratemds.com/doctor-ratings/3264883/Dr-Christopher-RANDOLPH-Chicago-IL.html/
Cecilia H. Bethe	https://www.ratemds.com/doctor-ratings/3275653/Dr-CECILIA+H.-BETHE-Chicago-IL.html/
Dr. ANN Agustsson Mathers	https://www.ratemds.com/doctor-ratings/3275731/Dr-ANN-Agustsson+Mathers-Rockford-IL.html/
Richard L. KRAMER	https://www.ratemds.com/doctor-ratings/3276418/Dr-Richard+L.-KRAMER-Chicago-IL.html/
Jean M. Griffin	https://www.ratemds.com/doctor-ratings/3282141/Dr-JEAN+M.-GRIFFIN-Skokie-IL.html/
Alissa H. Wicklund	https://www.ratemds.com/doctor-ratings/3285139/Dr-ALISSA+H.-WICKLUND-Chicago-IL.html/
Tony A. Fletcher	https://www.ratemds.com/doctor-ratings/3287901/Dr-TONY+A.-FLETCHER-Oak+Park-IL.html/
Alfred Marx	https://www.ratemds.com/doctor-ratings/3291609/Dr-ALFRED-MARX-WAUKEGAN-IL.html/
Lori G. Tall	https://www.ratemds.com/doctor-ratings/3292045/Dr-LORI+G.-TALL-CHICAGO-IL.html/
Kathleen Kostock	https://www.ratemds.com/doctor-ratings/3292968/Dr-KATHLEEN-KOSTOCK-WAUKEGAN-IL.html/
John Ginter	https://www.ratemds.com/doctor-ratings/3293976/Dr-JOHN-GINTER-WAUKEGAN-IL.html/
Claireivy G. Kumchy	https://www.ratemds.com/doctor-ratings/3294147/Dr-CLAIREIVY+G.-KUMCHY-CHICAGO-IL.html/
Robert J. Zagar	https://www.ratemds.com/doctor-ratings/3296996/Dr-ROBERT+J.-ZAGAR-Chicago-IL.html/
Lisa D. Stanford	https://www.ratemds.com/doctor-ratings/3298818/Dr-LISA+D.-STANFORD-Chicago-IL.html/
Shanna M. Kurth	https://www.ratemds.com/doctor-ratings/3299611/Dr-SHANNA+M.-KURTH-Peoria-IL.html/
Patricia J. Lim	https://www.ratemds.com/doctor-ratings/3301734/Dr-PATRICIA+J.-LIM-CHICAGO-IL.html/
Jeannie M. Gutierrez	https://www.ratemds.com/doctor-ratings/3304015/Dr-JEANNIE+M.-GUTIERREZ-Evanston-IL.html/
James L. REILLY	https://www.ratemds.com/doctor-ratings/3304398/Dr-James+L.-REILLY-Chicago-IL.html/
Danielle J. Abi-Saab	https://www.ratemds.com/doctor-ratings/3305679/Dr-DANIELLE+J.-ABI-SAAB-ARLINGTON+HEIGHTS-IL.html/
Paul Pasulka	https://www.ratemds.com/doctor-ratings/3305889/Dr-PAUL-PASULKA-Chicago-IL.html/
Kelly J. Sherack	https://www.ratemds.com/doctor-ratings/3305948/Dr-KELLY+J.-SHERACK-Chicago-IL.html/
Anne P. Maxwell	https://www.ratemds.com/doctor-ratings/3308244/Dr-ANNE+P.-MAXWELL-Evanston-IL.html/
Elizabeth M. Pieroth	https://www.ratemds.com/doctor-ratings/3308843/Dr-ELIZABETH+M.-PIEROTH-CHICAGO-IL.html/
Jan S. Remer-Osborn	https://www.ratemds.com/doctor-ratings/3309711/Dr-JAN+S.-REMER-OSBORN-DOWNERS+GROVE-IL.html/
Dr. Richard S. Abrams	https://www.ratemds.com/doctor-ratings/3311148/Dr-Richard+S.-Abrams-Chicago-IL.html/
Robert E. DANIELS	https://www.ratemds.com/doctor-ratings/3311435/Dr-Robert+E.-DANIELS-Chicago-IL.html/
James P. Choca	https://www.ratemds.com/doctor-ratings/3314007/Dr-JAMES+P.-CHOCA-Chicago-IL.html/
Jeri Morris	https://www.ratemds.com/doctor-ratings/3314201/Dr-JERI-MORRIS-Chicago-IL.html/
Nancy M. Devereux	https://www.ratemds.com/doctor-ratings/3314793/Dr-NANCY+M.-DEVEREUX-Wheaton-IL.html/
Marilyn J. Stagno	https://www.ratemds.com/doctor-ratings/3316758/Dr-MARILYN+J.-STAGNO-Schaumburg-IL.html/
Robert L. Heilbronner	https://www.ratemds.com/doctor-ratings/3317367/Dr-ROBERT+L.-HEILBRONNER-CHICAGO-IL.html/
Linda D. Rice	https://www.ratemds.com/doctor-ratings/3318204/Dr-LINDA+D.-RICE-WINFIELD-IL.html/
Terrance E. Mcgovern	https://www.ratemds.com/doctor-ratings/3318253/Dr-TERRANCE+E.-MCGOVERN-Downers+Grove-IL.html/
Diana S. Goldstein	https://www.ratemds.com/doctor-ratings/3319476/Dr-DIANA+S.-GOLDSTEIN-Chicago-IL.html/
Lisa A. Sworowski	https://www.ratemds.com/doctor-ratings/3322168/Dr-LISA+A.-SWOROWSKI-Chicago-IL.html/
Kenneth A. Lefebvre	https://www.ratemds.com/doctor-ratings/3322643/Dr-KENNETH+A.-LEFEBVRE-CHICAGO-IL.html/
Maureen S. Aquino	https://www.ratemds.com/doctor-ratings/3322719/Dr-MAUREEN+S.-AQUINO-CHICAGO-IL.html/
Valerie L. Scaramella-Nowinski	https://www.ratemds.com/doctor-ratings/3322775/Dr-VALERIE+L.-SCARAMELLA-NOWINSKI-Orland+Park-IL.html/
Elizabeth Zavodny	https://www.ratemds.com/doctor-ratings/3323086/Dr-ELIZABETH-ZAVODNY-ORLAND+PARK-IL.html/
Suzanne Musil	https://www.ratemds.com/doctor-ratings/3324258/Dr-SUZANNE-MUSIL-CHICAGO-IL.html/
Anne H. Wiley	https://www.ratemds.com/doctor-ratings/3324783/Dr-ANNE+H.-WILEY-CHICAGO-IL.html/
Nancy J. Murray	https://www.ratemds.com/doctor-ratings/3325028/Dr-NANCY+J.-MURRAY-Naperville-IL.html/
David E. HARTMAN	https://www.ratemds.com/doctor-ratings/3325538/Dr-David+E.-HARTMAN-Chicago-IL.html/
Jason J. WASHBURN	https://www.ratemds.com/doctor-ratings/3325542/Dr-Jason+J.-WASHBURN-Chicago-IL.html/
Rachel Simon	https://www.ratemds.com/doctor-ratings/3325875/Dr-RACHEL-SIMON-Bloomington-IL.html/
Carl C. Bell	https://www.ratemds.com/doctor-ratings/3326296/Dr-CARL+C.-BELL-CHICAGO-IL.html/
Patrice Paul	https://www.ratemds.com/doctor-ratings/3326850/Dr-PATRICE-PAUL-Naperville-IL.html/
Clifford A. Smith	https://www.ratemds.com/doctor-ratings/3327691/Dr-CLIFFORD+A.-SMITH-Chicago-IL.html/
Julie N. Hook	https://www.ratemds.com/doctor-ratings/3327692/Dr-JULIE+N.-HOOK-Chicago-IL.html/
Laura Renteria	https://www.ratemds.com/doctor-ratings/3327961/Dr-LAURA-RENTERIA-CHICAGO-IL.html/
Debra A. Fleischman	https://www.ratemds.com/doctor-ratings/3328222/Dr-DEBRA+A.-FLEISCHMAN-CHICAGO-IL.html/
Beth Borosh	https://www.ratemds.com/doctor-ratings/3328877/Dr-BETH-BOROSH-Chicago-IL.html/
Wendy HELLER	https://www.ratemds.com/doctor-ratings/3328932/Dr-Wendy-HELLER-CHAMPAIGN-IL.html/
Claudiu C. Dumitrescu	https://www.ratemds.com/doctor-ratings/3329098/Dr-CLAUDIU+C.-DUMITRESCU-CHICAGO-IL.html/
Kristin R. Krueger	https://www.ratemds.com/doctor-ratings/3330013/Dr-KRISTIN+R.-KRUEGER-CHICAGO-IL.html/
Jeffrey H. O'Koon	https://www.ratemds.com/doctor-ratings/3331021/Dr-JEFFREY+H.-O&apos;KOON-GLENVIEW-IL.html/
Sharon Z. Johnson	https://www.ratemds.com/doctor-ratings/3331285/Dr-SHARON+Z.-JOHNSON-GLENVIEW-IL.html/
Kate M. Wachs	https://www.ratemds.com/doctor-ratings/3333291/Dr-KATE+M.-WACHS-Schaumburg-IL.html/
Sheryl Reminger	https://www.ratemds.com/doctor-ratings/3333367/Dr-SHERYL-REMINGER-SPRINGFIELD-IL.html/
Courtney M. West Blaskovich	https://www.ratemds.com/doctor-ratings/3333435/Dr-COURTNEY+M.-WEST+BLASKOVICH-Chicago-IL.html/
Dr. Mark Gindi	https://www.ratemds.com/doctor-ratings/3334327/Dr-MARK-GINDI-Chicago-IL.html/
Kerri L. Olson	https://www.ratemds.com/doctor-ratings/3336391/Dr-KERRI+L.-OLSON-Chicago-IL.html/
Elizabeth K. GEARY	https://www.ratemds.com/doctor-ratings/3336994/Dr-Elizabeth+K.-GEARY-EVANSTON-IL.html/
Christine T. Corsun-Ascher	https://www.ratemds.com/doctor-ratings/3337284/Dr-CHRISTINE+T.-CORSUN-ASCHER-Naperville-IL.html/
Lorraine A. Daniel	https://www.ratemds.com/doctor-ratings/3338800/Dr-LORRAINE+A.-DANIEL-Chicago-IL.html/
Mona Stepansky	https://www.ratemds.com/doctor-ratings/3338967/Dr-MONA-STEPANSKY-OAK+PARK-IL.html/
Luda Smikun	https://www.ratemds.com/doctor-ratings/3342990/Dr-LUDA-SMIKUN-Evanston-IL.html/
Dr. Mumtaz Raza	https://www.ratemds.com/doctor-ratings/334349/Dr-Mumtaz-Raza-Hoffman+Estates-IL.html/
Priscilla C. BUTLER	https://www.ratemds.com/doctor-ratings/3343981/Dr-Priscilla+C.-BUTLER-CHICAGO-IL.html/
Annorah S. Moorman	https://www.ratemds.com/doctor-ratings/3344473/Dr-ANNORAH+S.-MOORMAN-BLOOMINGTON-IL.html/
Megan Tondu	https://www.ratemds.com/doctor-ratings/3344789/Dr-MEGAN-TONDU-EVANSTON-IL.html/
Laura L. Riggs	https://www.ratemds.com/doctor-ratings/3345964/Dr-LAURA+L.-RIGGS-Chicago-IL.html/
Paul A. Cantz	https://www.ratemds.com/doctor-ratings/3345986/Dr-PAUL+A.-CANTZ-Chicago-IL.html/
Lori Ryan	https://www.ratemds.com/doctor-ratings/3346490/Dr-LORI-RYAN-Chicago-IL.html/
Jessica P. Myszak	https://www.ratemds.com/doctor-ratings/3346538/Dr-Jessica+P.-Myszak-Memphis-TN.html/
Christopher R. Zurawic	https://www.ratemds.com/doctor-ratings/3346747/Dr-CHRISTOPHER+R.-ZURAWIC-Chicago-IL.html/
Angela E. Agelopoulos	https://www.ratemds.com/doctor-ratings/3347775/Dr-ANGELA+E.-AGELOPOULOS-Chicago-IL.html/
Brittany L. Lakin-Starr	https://www.ratemds.com/doctor-ratings/3347836/Dr-BRITTANY+L.-LAKIN-STARR-Chicago-IL.html/
Allison E. Grupski	https://www.ratemds.com/doctor-ratings/3351454/Dr-Allison+E.-Grupski-Chicago-IL.html/
Dr. Anoosh Salman	https://www.ratemds.com/doctor-ratings/3364099/Dr-ANOOSH-SALMAN-Springfield-IL.html/
Dr. Maria C. Dahn	https://www.ratemds.com/doctor-ratings/3364157/Dr-MARIA+C.-DAHN-OAK+PARK-IL.html/
Nicholas M. Mccarley	https://www.ratemds.com/doctor-ratings/3365381/Dr-NICHOLAS+M.-MCCARLEY-Chicago-IL.html/
Christopher Migalski	https://www.ratemds.com/doctor-ratings/3365461/Dr-CHRISTOPHER-MIGALSKI-SCHAUMBURG-IL.html/
Scott Kaplan	https://www.ratemds.com/doctor-ratings/3365569/Dr-SCOTT-KAPLAN-CHICAGO-IL.html/
Mikell R. Mccray	https://www.ratemds.com/doctor-ratings/3366205/Dr-MIKELL+R.-MCCRAY-Peoria-IL.html/
Maryanne N. Williams	https://www.ratemds.com/doctor-ratings/3366332/Dr-MARYANNE+N.-WILLIAMS-Chicago-IL.html/
Melissa KATZ	https://www.ratemds.com/doctor-ratings/3366395/Dr-Melissa-KATZ-Naperville-IL.html/
Valerie M. Weck	https://www.ratemds.com/doctor-ratings/3366883/Dr-VALERIE+M.-WECK-Bloomington-IL.html/
Derin J. Cobia	https://www.ratemds.com/doctor-ratings/3366980/Dr-DERIN+J.-COBIA-CHICAGO-IL.html/
James A. Fogarty	https://www.ratemds.com/doctor-ratings/3367384/Dr-JAMES+A.-FOGARTY-ROCKFORD-IL.html/
Nicole M. Heath	https://www.ratemds.com/doctor-ratings/3368415/Dr-NICOLE+M.-HEATH-Chicago-IL.html/
M C. Mckinley	https://www.ratemds.com/doctor-ratings/3368877/Dr-M+C.-MCKINLEY-SKOKIE-IL.html/
Robert L. WOODS	https://www.ratemds.com/doctor-ratings/3369319/Dr-Robert+L.-WOODS-Chicago-IL.html/
Lucia Darlach	https://www.ratemds.com/doctor-ratings/3369363/Dr-LUCIA-DARLACH-CHICAGO-IL.html/
Jean L. Clore	https://www.ratemds.com/doctor-ratings/3369642/Dr-JEAN+L.-CLORE-PEORIA-IL.html/
Melissa J. Folk	https://www.ratemds.com/doctor-ratings/3369719/Dr-MELISSA+J.-FOLK-SCHAUMBURG-IL.html/
Sunena Noorani	https://www.ratemds.com/doctor-ratings/3370058/Dr-SUNENA-NOORANI-SKOKIE-IL.html/
Mark Merten	https://www.ratemds.com/doctor-ratings/3370076/Dr-MARK-MERTEN-CHICAGO-IL.html/
Dr. Vicente Gonzaga	https://www.ratemds.com/doctor-ratings/3370399/Dr-VICENTE-GONZAGA-CHICAGO-IL.html/
Richard C. DOSS	https://www.ratemds.com/doctor-ratings/3370448/Dr-Richard+C.-DOSS-CHICAGO-IL.html/
Jennifer E. Medina	https://www.ratemds.com/doctor-ratings/3371021/Dr-JENNIFER+E.-MEDINA-CHICAGO-IL.html/
Brandy W. Crandall	https://www.ratemds.com/doctor-ratings/3371788/Dr-BRANDY+W.-CRANDALL-SCHAUMBURG-IL.html/
Dr. Stephen J. Krieg	https://www.ratemds.com/doctor-ratings/3372995/Dr-STEPHEN+J.-KRIEG-Peoria-IL.html/
JAMES David	https://www.ratemds.com/doctor-ratings/3375799/Dr-JAMES-David-Chicago-IL.html/
Dr. Khatija M. Vaid	https://www.ratemds.com/doctor-ratings/3376412/Dr-KHATIJA+M.-VAID-Rockford-IL.html/
Dr. Parag G. Merai	https://www.ratemds.com/doctor-ratings/3376460/Dr-PARAG+G.-MERAI-Aurora-IL.html/
Joseph (Joe) Seldess	https://www.ratemds.com/doctor-ratings/3378832/Dr-JOSEPH+(JOE)-SELDESS-EVANSTON-IL.html/
Amanda Holly	https://www.ratemds.com/doctor-ratings/3379116/Dr-AMANDA-HOLLY-Skokie-IL.html/
Rebecca Gaither	https://www.ratemds.com/doctor-ratings/3379138/Dr-REBECCA-GAITHER-CHICAGO-IL.html/
Dr. Kara M. Brown	https://www.ratemds.com/doctor-ratings/3379349/Dr-KARA+M.-BROWN-Chicago-IL.html/
Dr. Brian R. SCHULTZ	https://www.ratemds.com/doctor-ratings/3379411/Dr-Brian+R.-SCHULTZ-Chicago-IL.html/
Stephanie M. Johnson	https://www.ratemds.com/doctor-ratings/3379854/Dr-STEPHANIE+M.-JOHNSON-Chicago-IL.html/
Dr. Megan E. Pirigyi	https://www.ratemds.com/doctor-ratings/3380060/Dr-Megan+E.-Pirigyi-Chicago-IL.html/
Dr. Mark CHAPMAN	https://www.ratemds.com/doctor-ratings/3380511/Dr-Mark-CHAPMAN-CHICAGO-IL.html/
Dr. Carolyn E. Auffenberg	https://www.ratemds.com/doctor-ratings/3380658/Dr-CAROLYN+E.-AUFFENBERG-Chicago-IL.html/
Michael R. Black	https://www.ratemds.com/doctor-ratings/3380765/Dr-MICHAEL+R.-BLACK-Chicago-IL.html/
Dr. Morgyn Beckman	https://www.ratemds.com/doctor-ratings/3382473/Dr-MORGYN-BECKMAN-Peoria-IL.html/
Dr. Emily R. Rademacher	https://www.ratemds.com/doctor-ratings/3382532/Dr-EMILY+R.-RADEMACHER-Peoria-IL.html/
Dr. Pavan Y. Prasad	https://www.ratemds.com/doctor-ratings/3382607/Dr-PAVAN+Y.-PRASAD-North+Chicago-IL.html/
Dr. Cheon Chan	https://www.ratemds.com/doctor-ratings/3382628/Dr-CHEONG+W.-CHAN-Chicago-IL.html/
Dr. Kyle J. Bechaz	https://www.ratemds.com/doctor-ratings/3382700/Dr-KYLE+J.-BECHAZ-Chicago-IL.html/
Dr. Nirali K. Patel	https://www.ratemds.com/doctor-ratings/3382803/Dr-Nirali-PATEL-Chicago-IL.html/
Dr. Catherine C. Rockwood	https://www.ratemds.com/doctor-ratings/3383120/Dr-CATHERINE+C.-ROCKWOOD-Chicago-IL.html/
Dr. Norleen Simangan	https://www.ratemds.com/doctor-ratings/3384025/Dr-NORLEEN-SIMANGAN-Peoria-IL.html/
Dr. Sonia Kalaria	https://www.ratemds.com/doctor-ratings/3384966/Dr-SONIA-KALARIA-CHICAGO-IL.html/
Cara McCanse	https://www.ratemds.com/doctor-ratings/3385693/Dr-Cara-McCanse-Chicago-IL.html/
Dr. Pravesh P. Deotale	https://www.ratemds.com/doctor-ratings/3385961/Dr-PRAVESH+P.-DEOTALE-Springfield-IL.html/
Dr. Neeral K. Sheth	https://www.ratemds.com/doctor-ratings/3386308/Dr-NEERAL+K.-SHETH-Chicago-IL.html/
Dr. Vineka Heeramun	https://www.ratemds.com/doctor-ratings/3386376/Dr-VINEKA-HEERAMUN-Springfield-IL.html/
Carly Novak	https://www.ratemds.com/doctor-ratings/3386930/Dr-CARLY-NOVAK-CHICAGO-IL.html/
Dr. Richard D. Chung	https://www.ratemds.com/doctor-ratings/3388078/Dr-RICHARD+D.-CHUNG-Springfield-IL.html/
Tai W. Park	https://www.ratemds.com/doctor-ratings/3415937/Dr-TAI+W.-PARK-ORLAND+PARK-IL.html/
Jonathan K. Lee	https://www.ratemds.com/doctor-ratings/3416034/Dr-JONATHAN+K.-LEE-Evanston-IL.html/
Katherine M. Harding	https://www.ratemds.com/doctor-ratings/3416121/Dr-KATHERINE+M.-HARDING-Chicago-IL.html/
Jessica L. Hudson	https://www.ratemds.com/doctor-ratings/3416180/Dr-JESSICA+L.-HUDSON-OAK+PARK-IL.html/
Candice T. Norcott	https://www.ratemds.com/doctor-ratings/3416318/Dr-CANDICE+T.-NORCOTT-Chicago-IL.html/
Heather Busser-Demarte	https://www.ratemds.com/doctor-ratings/3416362/Dr-Heather-Busser-Demarte-Chicago-IL.html/
Sonia SHARMA	https://www.ratemds.com/doctor-ratings/3416426/Dr-Sonia-SHARMA-Chicago-IL.html/
John R. Martins	https://www.ratemds.com/doctor-ratings/3416465/Dr-JOHN+R.-MARTINS-Chicago-IL.html/
Mary M. CLARKE	https://www.ratemds.com/doctor-ratings/3416495/Dr-Mary+M.-CLARKE-Chicago-IL.html/
Mark G. Iszak	https://www.ratemds.com/doctor-ratings/3416500/Dr-MARK+G.-ISZAK-CHICAGO-IL.html/
Whitney F. Tschan	https://www.ratemds.com/doctor-ratings/3416571/Dr-WHITNEY+F.-TSCHAN-Arlington+Heights-IL.html/
Jose L. Jimenez	https://www.ratemds.com/doctor-ratings/3416676/Dr-JOSE+L.-JIMENEZ-Chicago-IL.html/
Dr. Fred M. Levin	https://www.ratemds.com/doctor-ratings/3422757/Dr-FRED+M.-LEVIN-Chicago-IL.html/
James WELLMAN	https://www.ratemds.com/doctor-ratings/3434808/Dr-James-WELLMAN-CHICAGO-IL.html/
Megan N. Scott	https://www.ratemds.com/doctor-ratings/3435150/Dr-MEGAN+N.-SCOTT-Chicago-IL.html/
Aileen M. Hartzell	https://www.ratemds.com/doctor-ratings/3435318/Dr-AILEEN+M.-HARTZELL-EVANSTON-IL.html/
Julene M. Stellato	https://www.ratemds.com/doctor-ratings/3435417/Dr-JULENE+M.-STELLATO-Chicago-IL.html/
Andrea B. Goldschmidt	https://www.ratemds.com/doctor-ratings/3435525/Dr-ANDREA+B.-GOLDSCHMIDT-Chicago-IL.html/
Tracy M. Schmidt	https://www.ratemds.com/doctor-ratings/3435717/Dr-TRACY+M.-SCHMIDT-CHICAGO-IL.html/
Rene Fuentes	https://www.ratemds.com/doctor-ratings/3436200/Dr-RENE-FUENTES-CHICAGO-IL.html/
Jesse Klein	https://www.ratemds.com/doctor-ratings/3436476/Dr-JESSE-KLEIN-Chicago-IL.html/
Dr. Mohammed S. SIDDIQUI	https://www.ratemds.com/doctor-ratings/3436763/Dr-Mohammed+S.-SIDDIQUI-SPRINGFIELD-IL.html/
Victoria Lasser	https://www.ratemds.com/doctor-ratings/3436833/Dr-VICTORIA-LASSER-Chicago-IL.html/
Brian Hanna	https://www.ratemds.com/doctor-ratings/3463213/Dr-Brian-Hanna-Arlington+Heights-IL.html/
Joseph J. Coda	https://www.ratemds.com/doctor-ratings/3469843/Dr-JOSEPH+J.-CODA-AURORA-IL.html/
Robert WALTERS	https://www.ratemds.com/doctor-ratings/3470025/Dr-Robert-WALTERS-Chicago-IL.html/
Amanda M. Rios	https://www.ratemds.com/doctor-ratings/3470182/Dr-Amanda+M.-Rios-Chicago-IL.html/
Thomas G. Alm	https://www.ratemds.com/doctor-ratings/3470724/Dr-THOMAS+G.-ALM-CHICAGO-IL.html/
Nicolas B. Warner	https://www.ratemds.com/doctor-ratings/3470729/Dr-NICOLAS+B.-WARNER-Chicago-IL.html/
Stacey R. Belmont	https://www.ratemds.com/doctor-ratings/3470758/Dr-Stacey+R.-Belmont-Chicago-IL.html/
Johnathan Goldner	https://www.ratemds.com/doctor-ratings/3471003/Dr-JOHNATHAN-GOLDNER-CHICAGO-IL.html/
Richard M. Brousil	https://www.ratemds.com/doctor-ratings/3471031/Dr-RICHARD+M.-BROUSIL-CHICAGO-IL.html/
Shelda I. Borders	https://www.ratemds.com/doctor-ratings/3471237/Dr-SHELDA+I.-BORDERS-Springfield-IL.html/
Dr. Emily Eiten	https://www.ratemds.com/doctor-ratings/3473204/Dr-Emily-Eiten-Chicago-IL.html/
Julie B. Eisengart	https://www.ratemds.com/doctor-ratings/3473920/Dr-JULIE+B.-EISENGART-EVANSTON-IL.html/
Jonathan W. Thomas-Stagg	https://www.ratemds.com/doctor-ratings/3473937/Dr-JONATHAN+W.-THOMAS-STAGG-CHAMPAIGN-IL.html/
Kenneth A. Lehman	https://www.ratemds.com/doctor-ratings/3474315/Dr-KENNETH+A.-LEHMAN-Skokie-IL.html/
Vicki Greene	https://www.ratemds.com/doctor-ratings/3474365/Dr-VICKI-GREENE-CHICAGO-IL.html/
Kimberley B. Hogan	https://www.ratemds.com/doctor-ratings/3474468/Dr-KIMBERLEY+B.-HOGAN-Chicago-IL.html/
Daniel Friedman	https://www.ratemds.com/doctor-ratings/3475112/Dr-DANIEL-FRIEDMAN-Chicago-IL.html/
Erin Rasmussen	https://www.ratemds.com/doctor-ratings/3475126/Dr-ERIN-RASMUSSEN-DOWNERS+GROVE-IL.html/
Carolina M. Garcia-Leahy	https://www.ratemds.com/doctor-ratings/3475552/Dr-CAROLINA+M.-GARCIA-LEAHY-CHICAGO-IL.html/
Dr. Y Schwartzman	https://www.ratemds.com/doctor-ratings/3477776/Dr-Y-Schwartzman-Skokie-IL.html/
Dr. Richard Abrams	https://www.ratemds.com/doctor-ratings/3478511/Dr-Richard-Abrams-Chicago-IL.html/
Dr. Jeremy A. Brown	https://www.ratemds.com/doctor-ratings/3482147/Dr-JEREMY+A.-BROWN-Aurora-IL.html/
Dr. Lesley P. Kassicieh	https://www.ratemds.com/doctor-ratings/3482252/Dr-LESLEY+P.-KASSICIEH-CHICAGO-IL.html/
Dr. Lucas S. Henry	https://www.ratemds.com/doctor-ratings/3482699/Dr-LUCAS+S.-HENRY-CHICAGO-IL.html/
Jonathan D. Katz	https://www.ratemds.com/doctor-ratings/3482864/Dr-JONATHAN+D.-KATZ-SCHAUMBURG-IL.html/
Jillian M. Wickery	https://www.ratemds.com/doctor-ratings/3483076/Dr-JILLIAN+M.-WICKERY-Chicago-IL.html/
Ammara Khalid	https://www.ratemds.com/doctor-ratings/3484239/Dr-AMMARA-KHALID-CHICAGO-IL.html/
Dr. Sharon Kobak	https://www.ratemds.com/doctor-ratings/3484334/Dr-SHARON-KOBAK-Chicago-IL.html/
Sarah Rees	https://www.ratemds.com/doctor-ratings/3484768/Dr-SARAH-REES-CHICAGO-IL.html/
Carrie S. Thomas	https://www.ratemds.com/doctor-ratings/3484944/Dr-CARRIE+S.-THOMAS-CHICAGO-IL.html/
Paul M. Martin	https://www.ratemds.com/doctor-ratings/3485306/Dr-PAUL+M.-MARTIN-Chicago-IL.html/
Lina Liu	https://www.ratemds.com/doctor-ratings/3485531/Dr-LINA-LIU-Skokie-IL.html/
Ashley Solomon	https://www.ratemds.com/doctor-ratings/3485798/Dr-ASHLEY-SOLOMON-Chicago-IL.html/
Dina S. Glaser	https://www.ratemds.com/doctor-ratings/3485812/Dr-DINA+S.-GLASER-CHICAGO-IL.html/
Linsey K. Johnson	https://www.ratemds.com/doctor-ratings/3485839/Dr-LINSEY+K.-JOHNSON-CHICAGO-IL.html/
Daniel A. Edwards	https://www.ratemds.com/doctor-ratings/3486024/Dr-DANIEL+A.-EDWARDS-CHICAGO-IL.html/
Erin K. Basalay	https://www.ratemds.com/doctor-ratings/3486265/Dr-ERIN+K.-BASALAY-CHICAGO-IL.html/
Matthew W. Hefferon	https://www.ratemds.com/doctor-ratings/3487771/Dr-MATTHEW+W.-HEFFERON-ARLINGTON+HEIGHTS-IL.html/
Cindi-Marie D. Willoughby	https://www.ratemds.com/doctor-ratings/3487772/Dr-CINDI-MARIE+D.-WILLOUGHBY-Mount+Prospect-IL.html/
J Osborn	https://www.ratemds.com/doctor-ratings/3488712/Dr-J-Osborn-Downers+Grove-IL.html/
Gus Cwik	https://www.ratemds.com/doctor-ratings/3497647/Dr-Gus-Cwik-Chicago-IL.html/
Lisa Z. WARREN	https://www.ratemds.com/doctor-ratings/3499007/Dr-Lisa+Z.-WARREN-CHAMPAIGN-IL.html/
Taranjit Bhatia	https://www.ratemds.com/doctor-ratings/3499019/Dr-TARANJIT-BHATIA-NAPERVILLE-IL.html/
Erica E. Claman	https://www.ratemds.com/doctor-ratings/3499138/Dr-ERICA+E.-CLAMAN-CHICAGO-IL.html/
Beth Funk	https://www.ratemds.com/doctor-ratings/3499147/Dr-BETH-FUNK-CHICAGO-IL.html/
Dr. Phillip Helding	https://www.ratemds.com/doctor-ratings/3503390/Dr-Phillip-Helding-Naperville-IL.html/
Dr. Cherilynn Veland	https://www.ratemds.com/doctor-ratings/3515142/Dr-Cherilynn-Veland-Chicago-IL.html/
James R. MATTER	https://www.ratemds.com/doctor-ratings/3518862/Dr-James+R.-MATTER-Wheaton-IL.html/
Dr. Napatia M. Tronshaw	https://www.ratemds.com/doctor-ratings/3518940/Dr-NAPATIA+M.-TRONSHAW-ORLAND+PARK-IL.html/
Liza Guequierre	https://www.ratemds.com/doctor-ratings/3518954/Dr-LIZA-GUEQUIERRE-CHICAGO-IL.html/
Tabatha E. Greene	https://www.ratemds.com/doctor-ratings/3519517/Dr-TABATHA+E.-GREENE-AURORA-IL.html/
Monika U. Shiba	https://www.ratemds.com/doctor-ratings/3520363/Dr-MONIKA+U.-SHIBA-CHICAGO-IL.html/
Leslie Guidotti Breting	https://www.ratemds.com/doctor-ratings/3520592/Dr-LESLIE-GUIDOTTI+BRETING-EVANSTON-IL.html/
Michele L. Ferraro	https://www.ratemds.com/doctor-ratings/3520926/Dr-MICHELE+L.-FERRARO-ORLAND+PARK-IL.html/
Margaret M. Kincaid	https://www.ratemds.com/doctor-ratings/3521693/Dr-MARGARET+M.-KINCAID-EVANSTON-IL.html/
Alexandra Campos Martin	https://www.ratemds.com/doctor-ratings/3521920/Dr-ALEXANDRA-CAMPOS+MARTIN-CHICAGO-IL.html/
Amanda KIM	https://www.ratemds.com/doctor-ratings/3522192/Dr-Amanda-KIM-OAK+PARK-IL.html/
Phyllis Greenbaum	https://www.ratemds.com/doctor-ratings/3523418/Dr-Phyllis-Greenbaum-Chicago-IL.html/
Colleen Seville	https://www.ratemds.com/doctor-ratings/3523419/Dr-Colleen-Seville-Chicago-IL.html/
Julieann Krogel	https://www.ratemds.com/doctor-ratings/3529582/Dr-JULIEANN-KROGEL-Champaign-IL.html/
Jacob Z. Goldsmith	https://www.ratemds.com/doctor-ratings/3529942/Dr-JACOB+Z.-GOLDSMITH-EVANSTON-IL.html/
Melisa B. Bailey	https://www.ratemds.com/doctor-ratings/3530546/Dr-MELISA+B.-BAILEY-CHICAGO-IL.html/
Thomas L. Slattery	https://www.ratemds.com/doctor-ratings/3530783/Dr-THOMAS+L.-SLATTERY-BLOOMINGTON-IL.html/
Jessica Mack	https://www.ratemds.com/doctor-ratings/3531100/Dr-JESSICA-MACK-DECATUR-IL.html/
Anjali Soni	https://www.ratemds.com/doctor-ratings/3531629/Dr-ANJALI-SONI-NAPERVILLE-IL.html/
Grant White	https://www.ratemds.com/doctor-ratings/3533813/Dr-GRANT-WHITE-CHICAGO-IL.html/
Kathryn Michalski	https://www.ratemds.com/doctor-ratings/3534142/Dr-Kathryn-Michalski-Naperville-IL.html/
Amy Audette	https://www.ratemds.com/doctor-ratings/3537539/Dr-Amy-Audette-Wheaton-IL.html/
Maryla Gudzowska	https://www.ratemds.com/doctor-ratings/3537880/Dr-Maryla-Gudzowska-Chicago-IL.html/
Tiffany H. Taft	https://www.ratemds.com/doctor-ratings/3544557/Dr-TIFFANY+H.-TAFT-OAK+PARK-IL.html/
Debra A. Kissen	https://www.ratemds.com/doctor-ratings/3544936/Dr-DEBRA+A.-KISSEN-CHICAGO-IL.html/
Courtenay R. Ainsworth	https://www.ratemds.com/doctor-ratings/3545183/Dr-COURTENAY+R.-AINSWORTH-CHICAGO-IL.html/
Dr. Yana Yanovskaya	https://www.ratemds.com/doctor-ratings/3546101/Dr-YANA-YANOVSKAYA-CHICAGO-IL.html/
Dr. Malathi Pilla	https://www.ratemds.com/doctor-ratings/3547201/Dr-MALATHI-PILLA-SPRINGFIELD-IL.html/
Dr. Lisette A. Rodriguez-Cabezas	https://www.ratemds.com/doctor-ratings/3547469/Dr-LISETTE+A.-RODRIGUEZ-CABEZAS-CHICAGO-IL.html/
Dr. Juntira Laothavorn	https://www.ratemds.com/doctor-ratings/3547639/Dr-JUNTIRA-LAOTHAVORN-PEORIA-IL.html/
Dr. Samuel A. Libeu	https://www.ratemds.com/doctor-ratings/3547743/Dr-SAMUEL+A.-LIBEU-CHICAGO-IL.html/
Dr. Erica Ghignone	https://www.ratemds.com/doctor-ratings/3547966/Dr-ERICA-GHIGNONE-CHICAGO-IL.html/
Dr. Monica S. Mitcheff	https://www.ratemds.com/doctor-ratings/3547984/Dr-MONICA+S.-MITCHEFF-CHICAGO-IL.html/
Matthew T. Gibbons	https://www.ratemds.com/doctor-ratings/3548165/Dr-MATTHEW+T.-GIBBONS-DOWNERS+GROVE-IL.html/
Dr. Rebecca E. Goedken	https://www.ratemds.com/doctor-ratings/3548508/Dr-REBECCA+E.-GOEDKEN-CHICAGO-IL.html/
Dr. Sean D. Bordelon	https://www.ratemds.com/doctor-ratings/3548544/Dr-SEAN+D.-BORDELON-CHICAGO-IL.html/
Clive G. Hazell	https://www.ratemds.com/doctor-ratings/3548674/Dr-CLIVE+G.-HAZELL-CHICAGO-IL.html/
Dr. Vijay R. Gorrepati	https://www.ratemds.com/doctor-ratings/3548919/Dr-VIJAY+R.-GORREPATI-CHICAGO-IL.html/
Dr. Nicholas Reid	https://www.ratemds.com/doctor-ratings/3549306/Dr-NICHOLAS-REID-CHICAGO-IL.html/
Dr. Patrick H. Gibbons	https://www.ratemds.com/doctor-ratings/3549319/Dr-PATRICK+H.-GIBBONS-PEORIA-IL.html/
Dr. Julia Shekunov	https://www.ratemds.com/doctor-ratings/3550204/Dr-JULIA-SHEKUNOV-CHICAGO-IL.html/
Dr. Dorcas O. Adaramola	https://www.ratemds.com/doctor-ratings/3550772/Dr-DORCAS+O.-ADARAMOLA-SPRINGFIELD-IL.html/
Susan E. Reed	https://www.ratemds.com/doctor-ratings/3550895/Dr-SUSAN+E.-REED-CHICAGO-IL.html/
Colin A. Brietzke	https://www.ratemds.com/doctor-ratings/3551032/Dr-COLIN+A.-BRIETZKE-CHICAGO-IL.html/
Dr. L. Smebakken	https://www.ratemds.com/doctor-ratings/3552589/Dr-L.-Smebakken-Arlington+Heights-IL.html/
Dr. M. Stoll	https://www.ratemds.com/doctor-ratings/3553753/Dr-M.-Stoll-Springfield-IL.html/
Dr. Rosebelle De Leon	https://www.ratemds.com/doctor-ratings/3558586/Dr-ROSEBELLE-DE+LEON-CHICAGO-IL.html/
Guy U. Motanky	https://www.ratemds.com/doctor-ratings/3558745/Dr-GUY+U.-MOTANKY-CHICAGO-IL.html/
Thomas C. Anderson	https://www.ratemds.com/doctor-ratings/3560564/Dr-THOMAS+C.-ANDERSON-OAK+PARK-IL.html/
Dr. Timmi L. Claveria	https://www.ratemds.com/doctor-ratings/3561372/Dr-TIMMI+L.-CLAVERIA-CHICAGO-IL.html/
Dr. Carmen A. Orellana	https://www.ratemds.com/doctor-ratings/3561448/Dr-CARMEN+A.-ORELLANA-SPRINGFIELD-IL.html/
Dr. Sanket R. Dhat	https://www.ratemds.com/doctor-ratings/3561572/Dr-SANKET+R.-DHAT-SPRINGFIELD-IL.html/
Dr. Aman Deep Singh	https://www.ratemds.com/doctor-ratings/3561782/Dr-AMAN+DEEP-SINGH-PEORIA-IL.html/
Dr. Ayesha Dua	https://www.ratemds.com/doctor-ratings/3563077/Dr-AYESHA-DUA-CHICAGO-IL.html/
Dr. Chenelle M. Joseph	https://www.ratemds.com/doctor-ratings/3563649/Dr-CHENELLE+M.-JOSEPH-SPRINGFIELD-IL.html/
Robert L. Finke	https://www.ratemds.com/doctor-ratings/3565530/Dr-ROBERT+L.-FINKE-EVANSTON-IL.html/
Christopher C. Stewart	https://www.ratemds.com/doctor-ratings/3566174/Dr-CHRISTOPHER+C.-STEWART-CHICAGO-IL.html/
Jennifer M. Kestner	https://www.ratemds.com/doctor-ratings/3567377/Dr-JENNIFER+M.-KESTNER-CHICAGO-IL.html/
Anne E. Kubal	https://www.ratemds.com/doctor-ratings/3567426/Dr-ANNE+E.-KUBAL-CHICAGO-IL.html/
Aimee J. Ladd	https://www.ratemds.com/doctor-ratings/3567685/Dr-AIMEE+J.-LADD-PEORIA-IL.html/
Eryn M. Weber-Shifrin	https://www.ratemds.com/doctor-ratings/3568276/Dr-ERYN+M.-WEBER-SHIFRIN-CHICAGO-IL.html/
Christa A. Jones	https://www.ratemds.com/doctor-ratings/3568339/Dr-CHRISTA+A.-JONES-BERWYN-IL.html/
Irma Porcic	https://www.ratemds.com/doctor-ratings/3568346/Dr-IRMA-PORCIC-CHICAGO-IL.html/
Erin Caskey	https://www.ratemds.com/doctor-ratings/3568625/Dr-ERIN-CASKEY-SKOKIE-IL.html/
Ravinia Counseling Ltd Arlington Heights	https://www.ratemds.com/doctor-ratings/3572160/Dr-Ravinia+Counseling-Ltd+Arlington+Heights-Arlington+Heights-IL.html/
Taranjit (Tara) Bhatia	https://www.ratemds.com/doctor-ratings/3573330/Dr-Taranjit+(Tara)-Bhatia-Aurora-IL.html/
John T. Cacioppo	https://www.ratemds.com/doctor-ratings/3573493/Dr-John+T.-Cacioppo-Chicago-IL.html/
Cassady M. Wank	https://www.ratemds.com/doctor-ratings/3573676/Dr-Cassady+M.-Wank-Elgin-IL.html/
Margaret McGrath	https://www.ratemds.com/doctor-ratings/3574279/Dr-Margaret-McGrath-Orland+Park-IL.html/
Elizabeth Clawson	https://www.ratemds.com/doctor-ratings/3577654/Dr-Elizabeth-Clawson-Chicago-IL.html/
Gurpreet K. Paul	https://www.ratemds.com/doctor-ratings/3580456/Dr-GURPREET+K.-PAUL-SCHAUMBURG-IL.html/
Marissa A. Feldman	https://www.ratemds.com/doctor-ratings/3580474/Dr-MARISSA+A.-FELDMAN-CHICAGO-IL.html/
Jennifer L. Rolnick	https://www.ratemds.com/doctor-ratings/3581336/Dr-JENNIFER+L.-ROLNICK-CHICAGO-IL.html/
Jenna M. Felczak-Berberich	https://www.ratemds.com/doctor-ratings/3584139/Dr-Jenna+M.-Felczak-Berberich-Oak+Lawn-IL.html/
Bindu S. Heck	https://www.ratemds.com/doctor-ratings/3585146/Dr-BINDU+S.-HECK-CHICAGO-IL.html/
Jessica Ransom	https://www.ratemds.com/doctor-ratings/3585156/Dr-JESSICA-RANSOM-CHICAGO-IL.html/
Kimberly A. Dienes	https://www.ratemds.com/doctor-ratings/3585661/Dr-KIMBERLY+A.-DIENES-CHICAGO-IL.html/
Sandra G. Zakowski	https://www.ratemds.com/doctor-ratings/3586547/Dr-SANDRA+G.-ZAKOWSKI-CHICAGO-IL.html/
Margaret Provenzano	https://www.ratemds.com/doctor-ratings/3593109/Dr-MARGARET-PROVENZANO-Chicago-IL.html/
Paul W. Goetz	https://www.ratemds.com/doctor-ratings/3593248/Dr-PAUL+W.-GOETZ-CHICAGO-IL.html/
Catharine M. Devlin	https://www.ratemds.com/doctor-ratings/3593416/Dr-CATHARINE+M.-DEVLIN-CHICAGO-IL.html/
Rahul Sharma	https://www.ratemds.com/doctor-ratings/3593624/Dr-RAHUL-SHARMA-CHICAGO-IL.html/
Lori Jeffries	https://www.ratemds.com/doctor-ratings/3593688/Dr-LORI-JEFFRIES-MOUNT+PROSPECT-IL.html/
Charles D. Brewer	https://www.ratemds.com/doctor-ratings/3594072/Dr-CHARLES+D.-BREWER-CHICAGO-IL.html/
Kimberly J. Hart	https://www.ratemds.com/doctor-ratings/3594102/Dr-KIMBERLY+J.-HART-ROCKFORD-IL.html/
Elizabeth A. Jago	https://www.ratemds.com/doctor-ratings/3594267/Dr-Elizabeth+A.-Jago-Chicago-IL.html/
Jase Garca	https://www.ratemds.com/doctor-ratings/3605077/Dr-Jase-Garca-Chicago-IL.html/
Gerardo Garca	https://www.ratemds.com/doctor-ratings/3605078/Dr-Gerardo-Garca-Chicago-IL.html/
Dr. David V. Hamilton	https://www.ratemds.com/doctor-ratings/3618933/Dr-DAVID+V.-HAMILTON-EVANSTON-IL.html/
Alison H. Oakes	https://www.ratemds.com/doctor-ratings/3619689/Dr-ALISON+H.-OAKES-CHICAGO-IL.html/
Mark Moore	https://www.ratemds.com/doctor-ratings/3619703/Dr-MARK-MOORE-CHICAGO-IL.html/
Susan L. Catlin	https://www.ratemds.com/doctor-ratings/3619780/Dr-SUSAN+L.-CATLIN-ARLINGTON+HEIGHTS-IL.html/
Norwil C. Frial	https://www.ratemds.com/doctor-ratings/3619923/Dr-NORWIL+C.-FRIAL-Evanston-IL.html/
John L. Florell	https://www.ratemds.com/doctor-ratings/3619982/Dr-JOHN+L.-FLORELL-Normal-IL.html/
Mary H. Case	https://www.ratemds.com/doctor-ratings/3619983/Dr-MARY+H.-CASE-CHICAGO-IL.html/
James J. Guidi	https://www.ratemds.com/doctor-ratings/3620026/Dr-JAMES+J.-GUIDI-Oak+Park-IL.html/
Marc Drummond	https://www.ratemds.com/doctor-ratings/3620040/Dr-MARC-DRUMMOND-AURORA-IL.html/
David C. Usndek	https://www.ratemds.com/doctor-ratings/3620085/Dr-DAVID+C.-USNDEK-BERWYN-IL.html/
Phillip A. Foster	https://www.ratemds.com/doctor-ratings/3620163/Dr-PHILLIP+A.-FOSTER-Bloomington-IL.html/
Carolyn A. Barsano	https://www.ratemds.com/doctor-ratings/3620197/Dr-CAROLYN+A.-BARSANO-Skokie-IL.html/
Marie J. Flanagan	https://www.ratemds.com/doctor-ratings/3620537/Dr-MARIE+J.-FLANAGAN-TINLEY+PARK-IL.html/
Dr. Matthew M. Preston	https://www.ratemds.com/doctor-ratings/3621937/Dr-MATTHEW+M.-PRESTON-Peoria-IL.html/
Dr. Laron E. Phillips	https://www.ratemds.com/doctor-ratings/3621944/Dr-LARON+E.-PHILLIPS-Arlington+Hts-IL.html/
Dennis C. Roberts	https://www.ratemds.com/doctor-ratings/3622099/Dr-DENNIS+C.-ROBERTS-CHICAGO-IL.html/
Raphael A. Juss	https://www.ratemds.com/doctor-ratings/3622170/Dr-RAPHAEL+A.-JUSS-CHICAGO-IL.html/
Dr. Asad Qalbani	https://www.ratemds.com/doctor-ratings/3630286/Dr-ASAD-QALBANI-CHICAGO-IL.html/
Dr. Beth Labardi	https://www.ratemds.com/doctor-ratings/3630402/Dr-BETH-LABARDI-Chicago-IL.html/
Dr. Mervat J. Sha'Ini	https://www.ratemds.com/doctor-ratings/3630444/Dr-MERVAT+J.-SHA&apos;INI-CHICAGO-IL.html/
Dr. Jane M. Morris	https://www.ratemds.com/doctor-ratings/3630481/Dr-JANE+M.-MORRIS-PEORIA-IL.html/
Kenneth R. Crossman	https://www.ratemds.com/doctor-ratings/3631249/Dr-KENNETH+R.-CROSSMAN-OAK+PARK-IL.html/
Carl G. Wiley	https://www.ratemds.com/doctor-ratings/3631293/Dr-CARL+G.-WILEY-CHAMPAIGN-IL.html/
Salee A. Jenkins	https://www.ratemds.com/doctor-ratings/3631456/Dr-SALEE+A.-JENKINS-Chicago-IL.html/
Theresa M. Wier	https://www.ratemds.com/doctor-ratings/3631462/Dr-THERESA+M.-WIER-OAK+PARK-IL.html/
Jeffrey R. Weishaar	https://www.ratemds.com/doctor-ratings/3631475/Dr-JEFFREY+R.-WEISHAAR-Rockford-IL.html/
Amy T. Krutky	https://www.ratemds.com/doctor-ratings/3631516/Dr-AMY+T.-KRUTKY-OAK+PARK-IL.html/
Brandi E. Burque	https://www.ratemds.com/doctor-ratings/3631587/Dr-BRANDI+E.-BURQUE-CHAMPAIGN-IL.html/
Anna M. Czipri	https://www.ratemds.com/doctor-ratings/3631601/Dr-ANNA+M.-CZIPRI-BLOOMINGTON-IL.html/
Florentine F. Wilk	https://www.ratemds.com/doctor-ratings/3631604/Dr-FLORENTINE+F.-WILK-ELGIN-IL.html/
Christine Zerka Yoo	https://www.ratemds.com/doctor-ratings/3631630/Dr-CHRISTINE-ZERKA+YOO-OAK+LAWN-IL.html/
Nicole Quintero	https://www.ratemds.com/doctor-ratings/3631636/Dr-NICOLE-QUINTERO-Chicago-IL.html/
Amanda D. Ball	https://www.ratemds.com/doctor-ratings/3631653/Dr-AMANDA+D.-BALL-BLOOMINGTON-IL.html/
Michael A. Karakashian	https://www.ratemds.com/doctor-ratings/3631678/Dr-MICHAEL+A.-KARAKASHIAN-CHICAGO-IL.html/
Jennifer L. Lindsey	https://www.ratemds.com/doctor-ratings/3631728/Dr-JENNIFER+L.-LINDSEY-AURORA-IL.html/
Elba T. Cruz-Rodriguez	https://www.ratemds.com/doctor-ratings/3631843/Dr-ELBA+T.-CRUZ-RODRIGUEZ-CHICAGO-IL.html/
Karen Fried	https://www.ratemds.com/doctor-ratings/3631866/Dr-KAREN-FRIED-CHICAGO-IL.html/
Mary Avalon	https://www.ratemds.com/doctor-ratings/3636323/Dr-Mary-Avalon-Chicago-IL.html/
Sean Cox	https://www.ratemds.com/doctor-ratings/3636510/Dr-Sean-Cox-Chicago-IL.html/
Jennifer Stenzel	https://www.ratemds.com/doctor-ratings/3637190/Dr-Jennifer-Stenzel-Wheaton-IL.html/
Susan Schmidt	https://www.ratemds.com/doctor-ratings/3637339/Dr-Susan-Schmidt-Aurora-IL.html/
Dr. Matthew Preston	https://www.ratemds.com/doctor-ratings/3639740/Dr-Matthew-Preston-Peoria-IL.html/
Dr. Erika M. Shavers	https://www.ratemds.com/doctor-ratings/3642425/Dr-ERIKA+M.-SHAVERS-CHICAGO-IL.html/
Dr. Kia L. Carter	https://www.ratemds.com/doctor-ratings/3642426/Dr-KIA+L.-CARTER-CHICAGO-IL.html/
Brian R. Mclaughlin	https://www.ratemds.com/doctor-ratings/3642499/Dr-BRIAN+R.-MCLAUGHLIN-CHICAGO-IL.html/
Crystal A. Kannankeril	https://www.ratemds.com/doctor-ratings/3643470/Dr-Crystal+A.-Kannankeril-Chicago-IL.html/
Nicholas A. Costakis	https://www.ratemds.com/doctor-ratings/3643495/Dr-NICHOLAS+A.-COSTAKIS-NAPERVILLE-IL.html/
Dr. Eric Gausche	https://www.ratemds.com/doctor-ratings/3648490/Dr-ERIC-GAUSCHE-Chicago-IL.html/
Teresa A. Gorno-Reid	https://www.ratemds.com/doctor-ratings/3648519/Dr-TERESA+A.-GORNO-REID-NAPERVILLE-IL.html/
Deborah E. Gorton	https://www.ratemds.com/doctor-ratings/3648536/Dr-DEBORAH+E.-GORTON-CHICAGO-IL.html/
Dr. John M. Korpics	https://www.ratemds.com/doctor-ratings/3649528/Dr-JOHN+M.-KORPICS-Chicago-IL.html/
Dr. Kathryn Mansuri	https://www.ratemds.com/doctor-ratings/3649531/Dr-KATHRYN-MANSURI-CHICAGO-IL.html/
Lauren A. Axton	https://www.ratemds.com/doctor-ratings/3649708/Dr-LAUREN+A.-AXTON-CHICAGO-IL.html/
Mary Pachan	https://www.ratemds.com/doctor-ratings/3649709/Dr-MARY-PACHAN-CHICAGO-IL.html/
Muge Dizen	https://www.ratemds.com/doctor-ratings/3651250/Dr-MUGE-DIZEN-CHAMPAIGN-IL.html/
Bryce Hella	https://www.ratemds.com/doctor-ratings/3651351/Dr-BRYCE-HELLA-NAPERVILLE-IL.html/
Robert T. Baker	https://www.ratemds.com/doctor-ratings/3651391/Dr-ROBERT+T.-BAKER-CHICAGO-IL.html/
Tomike Lana	https://www.ratemds.com/doctor-ratings/3651409/Dr-TOMIKE-LANA-BLOOMINGTON-IL.html/
Anna Adams	https://www.ratemds.com/doctor-ratings/3651426/Dr-ANNA-ADAMS-NAPERVILLE-IL.html/
Michael R. Durr	https://www.ratemds.com/doctor-ratings/3651443/Dr-MICHAEL+R.-DURR-EVANSTON-IL.html/
John Artizzone	https://www.ratemds.com/doctor-ratings/3654951/Dr-John-Artizzone-Evanston-IL.html/
M. Victoria Ingram	https://www.ratemds.com/doctor-ratings/3656570/Dr-M.+Victoria-Ingram-Elgin-IL.html/
Dr. Richard Meyer	https://www.ratemds.com/doctor-ratings/3660843/Dr-RICHARD-MEYER-Chicago-IL.html/
Julie K. Janecek	https://www.ratemds.com/doctor-ratings/3661044/Dr-JULIE+K.-JANECEK-CHICAGO-IL.html/
Jessica L. Psimas	https://www.ratemds.com/doctor-ratings/3661063/Dr-JESSICA+L.-PSIMAS-CHICAGO-IL.html/
Michael J. Clatch	https://www.ratemds.com/doctor-ratings/3661131/Dr-MICHAEL+J.-CLATCH-GLENVIEW-IL.html/
Megan A. Orr	https://www.ratemds.com/doctor-ratings/3661152/Dr-MEGAN+A.-ORR-CHICAGO-IL.html/
Weimin G. Blocher	https://www.ratemds.com/doctor-ratings/3661155/Dr-WEIMIN+G.-BLOCHER-CHAMPAIGN-IL.html/
K Krefman	https://www.ratemds.com/doctor-ratings/3662932/Dr-K-Krefman-Evanston-IL.html/
Farah Ali	https://www.ratemds.com/doctor-ratings/3668692/Dr-FARAH-ALI-CHICAGO-IL.html/
Dr. Gomathie Chelvayohan	https://www.ratemds.com/doctor-ratings/3669818/Dr-GOMATHIE-CHELVAYOHAN-CHICAGO-IL.html/
Dr. Sara Ashurst	https://www.ratemds.com/doctor-ratings/3669834/Dr-SARA-ASHURST-CHICAGO-IL.html/
Dr. Kristin A. Lee	https://www.ratemds.com/doctor-ratings/3672034/Dr-KRISTIN+A.-LEE-SPRINGFIELD-IL.html/
Dr. Nicholas C. Ahn	https://www.ratemds.com/doctor-ratings/3672432/Dr-NICHOLAS+C.-AHN-SPRINGFIELD-IL.html/
Dr. Amy E. Curtis	https://www.ratemds.com/doctor-ratings/3673265/Dr-AMY+E.-CURTIS-CHICAGO-IL.html/
Dr. Haogang Zhang	https://www.ratemds.com/doctor-ratings/3673268/Dr-HAOGANG-ZHANG-CHICAGO-IL.html/
Dr. Paige L. Baker	https://www.ratemds.com/doctor-ratings/3673337/Dr-PAIGE+L.-BAKER-CHICAGO-IL.html/
Dr. Keely Elgethun	https://www.ratemds.com/doctor-ratings/3673341/Dr-KEELY-ELGETHUN-CHICAGO-IL.html/
Dr. Amanda Vastag	https://www.ratemds.com/doctor-ratings/3673372/Dr-AMANDA-VASTAG-PEORIA-IL.html/
Dr. Valentina Dehghan	https://www.ratemds.com/doctor-ratings/3673376/Dr-VALENTINA-DEHGHAN-CHICAGO-IL.html/
Dr. Kiran S. Munr	https://www.ratemds.com/doctor-ratings/3673397/Dr-KIRAN+S.-MUNR-SPRINGFIELD-IL.html/
Dr. Asha Dusad	https://www.ratemds.com/doctor-ratings/3673403/Dr-ASHA-DUSAD-SPRINGFIELD-IL.html/
Dr. Suparna T. Shivashankara	https://www.ratemds.com/doctor-ratings/3673427/Dr-SUPARNA+T.-SHIVASHANKARA-PEORIA-IL.html/
Dr. Laura G. Gonzalez Conty	https://www.ratemds.com/doctor-ratings/3673441/Dr-LAURA+G.-GONZALEZ+CONTY-CHICAGO-IL.html/
Dr. Mabel Avilas	https://www.ratemds.com/doctor-ratings/3673444/Dr-MABEL-AVILAS-CHICAGO-IL.html/
Dr. Joan Roig Llesuy	https://www.ratemds.com/doctor-ratings/3673449/Dr-JOAN-ROIG+LLESUY-CHICAGO-IL.html/
Heather Shoudel	https://www.ratemds.com/doctor-ratings/3673802/Dr-HEATHER-SHOUDEL-BLOOMINGTON-IL.html/
Jessica E. Plonka	https://www.ratemds.com/doctor-ratings/3673882/Dr-JESSICA+E.-PLONKA-CHICAGO-IL.html/
Diana M. Bidawid Uchiyama	https://www.ratemds.com/doctor-ratings/3673940/Dr-DIANA+M.-BIDAWID+UCHIYAMA-CHICAGO-IL.html/
Eric Seto	https://www.ratemds.com/doctor-ratings/3674018/Dr-ERIC-SETO-CHICAGO-IL.html/
Mary Plonis	https://www.ratemds.com/doctor-ratings/3685390/Dr-MARY-PLONIS-NAPERVILLE-IL.html/
Carla Beatrici	https://www.ratemds.com/doctor-ratings/3686435/Dr-Carla-Beatrici-Chicago-IL.html/
Dr. Syed Ali	https://www.ratemds.com/doctor-ratings/37107/Dr-Syed-Ali-Wheaton-IL.html/
Dr. Kalyan N. Rao	https://www.ratemds.com/doctor-ratings/3714542/Dr-KALYAN+N.-RAO-BERWYN-IL.html/
Erin M. Liebich	https://www.ratemds.com/doctor-ratings/3714889/Dr-ERIN+M.-LIEBICH-AURORA-IL.html/
Sultan S. Oner	https://www.ratemds.com/doctor-ratings/3727905/Dr-SULTAN+S.-ONER-SCHAUMBURG-IL.html/
Pathia M. Williams	https://www.ratemds.com/doctor-ratings/3727971/Dr-PATHIA+M.-WILLIAMS-CHICAGO-IL.html/
Steve N. Du Bois	https://www.ratemds.com/doctor-ratings/3727989/Dr-STEVE+N.-DU+BOIS-CHICAGO-IL.html/
Geoffrey J. Bathje	https://www.ratemds.com/doctor-ratings/3728047/Dr-GEOFFREY+J.-BATHJE-CHICAGO-IL.html/
Stephanie Bagwell	https://www.ratemds.com/doctor-ratings/3728062/Dr-STEPHANIE-BAGWELL-CHICAGO-IL.html/
Jean S. Newton	https://www.ratemds.com/doctor-ratings/3728219/Dr-JEAN+S.-NEWTON-GLENVIEW-IL.html/
Barbara Hayes	https://www.ratemds.com/doctor-ratings/37423/Dr-Barbara-Hayes-Wheaton-IL.html/
Alison K. Reynard	https://www.ratemds.com/doctor-ratings/3744114/Dr-ALISON+K.-REYNARD-EVANSTON-IL.html/
Dr. Sue Barrett	https://www.ratemds.com/doctor-ratings/3747230/Dr-Sue-Barrett-Naperville-IL.html/
Dr. GHADA Albeheary	https://www.ratemds.com/doctor-ratings/37949/Dr-GHADA-Albeheary-Chicago-IL.html/
David L. Hauser	https://www.ratemds.com/doctor-ratings/3816672/Dr-DAVID+L.-HAUSER-EVANSTON-IL.html/
Deborah Bates	https://www.ratemds.com/doctor-ratings/3816712/Dr-DEBORAH-BATES-CHICAGO-IL.html/
Adia Gooden	https://www.ratemds.com/doctor-ratings/3816738/Dr-ADIA-GOODEN-EVANSTON-IL.html/
Sheila M. Stone	https://www.ratemds.com/doctor-ratings/3816870/Dr-SHEILA+M.-STONE-ROCKFORD-IL.html/
Laura Mulford	https://www.ratemds.com/doctor-ratings/3816885/Dr-LAURA-MULFORD-CHICAGO-IL.html/
Creg Crisenbery	https://www.ratemds.com/doctor-ratings/3825047/Dr-Creg-Crisenbery-Chicago-IL.html/
Dr. Bennett Leventhal	https://www.ratemds.com/doctor-ratings/38273/Dr-Bennett-Leventhal-Chicago-IL.html/
Dr. Jay M. Dutton	https://www.ratemds.com/doctor-ratings/38379/Dr-Jay+M.-Dutton-Chicago-IL.html/
Dr. My Phon T. Nguyen	https://www.ratemds.com/doctor-ratings/3871863/Dr-MY+PHON+T.-NGUYEN-CHICAGO-IL.html/
Dr. Christina V. Floreani	https://www.ratemds.com/doctor-ratings/3871869/Dr-CHRISTINA+V.-FLOREANI-CHICAGO-IL.html/
Amy H. Bilka	https://www.ratemds.com/doctor-ratings/3871896/Dr-AMY+H.-BILKA-NAPERVILLE-IL.html/
Cami K. McBride	https://www.ratemds.com/doctor-ratings/3872871/Dr-Cami+K.-McBride-Chicago-IL.html/
Eunice Kim	https://www.ratemds.com/doctor-ratings/3872876/Dr-EUNICE-KIM-CHICAGO-IL.html/
Susana Zarankin	https://www.ratemds.com/doctor-ratings/3872886/Dr-SUSANA-ZARANKIN-CHICAGO-IL.html/
Dr. Daniel Wyma	https://www.ratemds.com/doctor-ratings/3893775/Dr-Daniel-Wyma-Wheaton-IL.html/
Kristen M. Wright	https://www.ratemds.com/doctor-ratings/3897102/Dr-KRISTEN+M.-WRIGHT-SCHAUMBURG-IL.html/
Preston Visser	https://www.ratemds.com/doctor-ratings/3897478/Dr-PRESTON-VISSER-CHICAGO-IL.html/
Casey E. Clardy	https://www.ratemds.com/doctor-ratings/3897479/Dr-CASEY+E.-CLARDY-CHICAGO-IL.html/
David S. Tubman	https://www.ratemds.com/doctor-ratings/3897481/Dr-DAVID+S.-TUBMAN-WHEATON-IL.html/
Holly M. Hagen	https://www.ratemds.com/doctor-ratings/3897917/Dr-HOLLY+M.-HAGEN-AURORA-IL.html/
Nadia Samad	https://www.ratemds.com/doctor-ratings/3897943/Dr-NADIA-SAMAD-CHICAGO-IL.html/
Rebecca Mortland	https://www.ratemds.com/doctor-ratings/3898041/Dr-REBECCA-MORTLAND-WHEATON-IL.html/
Susan K. Buehler	https://www.ratemds.com/doctor-ratings/3898059/Dr-SUSAN+K.-BUEHLER-CHICAGO-IL.html/
Keelah Voll	https://www.ratemds.com/doctor-ratings/3898060/Dr-KEELAH-VOLL-CHICAGO-IL.html/
James I. Gerhart	https://www.ratemds.com/doctor-ratings/3898135/Dr-JAMES+I.-GERHART-CHICAGO-IL.html/
Diane Chen	https://www.ratemds.com/doctor-ratings/3898186/Dr-DIANE-CHEN-CHICAGO-IL.html/
Lora Keipper	https://www.ratemds.com/doctor-ratings/3898226/Dr-LORA-KEIPPER-ELGIN-IL.html/
Dr. Darrell Troupe	https://www.ratemds.com/doctor-ratings/3918523/Dr-Darrell-Troupe-Joliet-IL.html/
Dr. Scott Hamilton	https://www.ratemds.com/doctor-ratings/3932684/Dr-Scott-Hamilton-Bloomington-IL.html/
Dr. Regina R. Lopez	https://www.ratemds.com/doctor-ratings/3939762/Dr-REGINA+R.-LOPEZ-CHICAGO-IL.html/
Mateusz S. Barczyk	https://www.ratemds.com/doctor-ratings/3939826/Dr-MATEUSZ+S.-BARCZYK-CHICAGO-IL.html/
Regina L. Meyer	https://www.ratemds.com/doctor-ratings/3940736/Dr-REGINA+L.-MEYER-NORMAL-IL.html/
Laura E. Langes	https://www.ratemds.com/doctor-ratings/3940800/Dr-LAURA+E.-LANGES-AURORA-IL.html/
Kristen M. Markovich	https://www.ratemds.com/doctor-ratings/3940811/Dr-KRISTEN+M.-MARKOVICH-SCHAUMBURG-IL.html/
Dr. Fareem Karimi	https://www.ratemds.com/doctor-ratings/3954118/Dr-Fareem-Karimi-Chicago-IL.html/
Dr. Elizabeth Mcmasters	https://www.ratemds.com/doctor-ratings/3966576/Dr-ELIZABETH-MCMASTERS-ELGIN-IL.html/
Ian Bonner	https://www.ratemds.com/doctor-ratings/3967859/Dr-IAN-BONNER-CHICAGO-IL.html/
Aryeh Sova	https://www.ratemds.com/doctor-ratings/3967864/Dr-ARYEH-SOVA-SKOKIE-IL.html/
Laura Brock	https://www.ratemds.com/doctor-ratings/3967898/Dr-LAURA-BROCK-CHICAGO-IL.html/
Tara Mehta	https://www.ratemds.com/doctor-ratings/3967903/Dr-TARA-MEHTA-CHICAGO-IL.html/
Robert Neufeld	https://www.ratemds.com/doctor-ratings/3967904/Dr-ROBERT-NEUFELD-SKOKIE-IL.html/
Chandrakant K. Shah	https://www.ratemds.com/doctor-ratings/3967972/Dr-CHANDRAKANT+K.-SHAH-MOUNT+PROSPECT-IL.html/
Grady L. Garner-Osten	https://www.ratemds.com/doctor-ratings/3967989/Dr-GRADY+L.-GARNER-OSTEN-CHICAGO-IL.html/
Dr. Farzana Khan	https://www.ratemds.com/doctor-ratings/3993436/Dr-Farzana-Khan-East+Chicago-IL.html/
Yojana Veeramasuneni	https://www.ratemds.com/doctor-ratings/3994047/Dr-YOJANA-VEERAMASUNENI-CHICAGO-IL.html/
Dr. Linda Florescu	https://www.ratemds.com/doctor-ratings/3994397/Dr-LINDA-FLORESCU-CHICAGO-IL.html/
Adam L. Shafer	https://www.ratemds.com/doctor-ratings/3994477/Dr-ADAM+L.-SHAFER-CHICAGO-IL.html/
Kelly D. Thomas	https://www.ratemds.com/doctor-ratings/3995037/Dr-KELLY+D.-THOMAS-CHICAGO-IL.html/
Jane Jung	https://www.ratemds.com/doctor-ratings/3995078/Dr-JANE-JUNG-WHEATON-IL.html/
Ruth Anderson	https://www.ratemds.com/doctor-ratings/3995130/Dr-RUTH-ANDERSON-LAKE+IN+THE+HILLS-IL.html/
Dr. Terry Killian	https://www.ratemds.com/doctor-ratings/3997846/Dr-Terry-Killian-Springfield-IL.html/
Dr. I Brindley	https://www.ratemds.com/doctor-ratings/4000987/Dr-I-Brindley-Chicago-IL.html/
Rachel S. Port	https://www.ratemds.com/doctor-ratings/4005499/Dr-RACHEL+S.-PORT-EVANSTON-IL.html/
Dr. Kavita Jayaswal	https://www.ratemds.com/doctor-ratings/4006317/Dr-KAVITA-JAYASWAL-CHICAGO-IL.html/
Heather L. Frank	https://www.ratemds.com/doctor-ratings/4006473/Dr-HEATHER+L.-FRANK-CHICAGO-IL.html/
Megan E. Riehl	https://www.ratemds.com/doctor-ratings/4006479/Dr-MEGAN+E.-RIEHL-OAK+PARK-IL.html/
Antoinette Kavanaugh	https://www.ratemds.com/doctor-ratings/4006488/Dr-ANTOINETTE-KAVANAUGH-CHICAGO-IL.html/
Dr. Laura Kordon	https://www.ratemds.com/doctor-ratings/4010440/Dr-Laura-Kordon-Chicago-IL.html/
Daniel Goodman	https://www.ratemds.com/doctor-ratings/4011930/Dr-Daniel-Goodman-Chicago-IL.html/
Dr. Jonathan Gamze	https://www.ratemds.com/doctor-ratings/4018889/Dr-Jonathan-Gamze-Arlington+Heights-IL.html/
Morris Shafran	https://www.ratemds.com/doctor-ratings/4020044/Dr-Morris-Shafran-Arlington+Heights-IL.html/
Dr. Niranjan Kamik	https://www.ratemds.com/doctor-ratings/4021910/Dr-Niranjan-Kamik-Chicago-IL.html/
Donald L. White	https://www.ratemds.com/doctor-ratings/4024081/Dr-DONALD+L.-WHITE-CHICAGO-IL.html/
Dr. Mark Pollack	https://www.ratemds.com/doctor-ratings/4024184/Dr-Mark-Pollack-Chicago-IL.html/
Dr. Joan Anzia	https://www.ratemds.com/doctor-ratings/403757/Dr-Joan-Anzia-Chicago-IL.html/
Dr. Carol L. Craig	https://www.ratemds.com/doctor-ratings/404011/Dr-Carol+L.-Craig-Rockford-IL.html/
Dr. BALJIT Singh	https://www.ratemds.com/doctor-ratings/404113/Dr-BALJIT-Singh-Peoria-IL.html/
Dr. Elizabeth Mirkin	https://www.ratemds.com/doctor-ratings/404122/Dr-Elizabeth-Mirkin-Chicago-IL.html/
Dr. Claudia P. Welke	https://www.ratemds.com/doctor-ratings/404451/Dr-Claudia+P.-Welke-Evanston-IL.html/
Dr. Oscar E. Munoz	https://www.ratemds.com/doctor-ratings/404620/Dr-Oscar+E.-Munoz-Chicago-IL.html/
Dr. Jody W. Reed	https://www.ratemds.com/doctor-ratings/404660/Dr-Jody+W.-Reed-Orland+Park-IL.html/
Dr. Rohi T. Patil	https://www.ratemds.com/doctor-ratings/404930/Dr-Rohi+T.-Patil-Decatur-IL.html/
Dr. Victor M. Uribe	https://www.ratemds.com/doctor-ratings/405123/Dr-Victor+M.-Uribe-Chicago-IL.html/
Dr. Pravin S. Bhatt	https://www.ratemds.com/doctor-ratings/405353/Dr-Pravin+S.-Bhatt-Downers+Grove-IL.html/
Dr. Venus Paxton	https://www.ratemds.com/doctor-ratings/405368/Dr-Venus-Paxton-Chicago-IL.html/
Dr. Nelda Scott	https://www.ratemds.com/doctor-ratings/405541/Dr-Nelda-Scott-Chicago-IL.html/
Dr. Nefertiti Nowell	https://www.ratemds.com/doctor-ratings/405954/Dr-Nefertiti-Nowell-Naperville-IL.html/
Dr. Raymond Garcia	https://www.ratemds.com/doctor-ratings/405959/Dr-Raymond-Garcia-Rockford-IL.html/
Dr. Medeia E. Gartel	https://www.ratemds.com/doctor-ratings/406089/Dr-Medeia+E.-Gartel-Chicago-IL.html/
Laura Monti	https://www.ratemds.com/doctor-ratings/406152/Dr-Laura-Monti-Schaumburg-IL.html/
Dr. Jose Montes	https://www.ratemds.com/doctor-ratings/407965/Dr-Jose-Montes-Rockford-IL.html/
Dr. Ronald Salomon	https://www.ratemds.com/doctor-ratings/409877/Dr-Ronald-Salomon-CHICAGO-IL.html/
Dr. Harold F. McGrath	https://www.ratemds.com/doctor-ratings/472355/Dr-Harold+F.-McGrath-ORLAND+PARK-IL.html/
Dr. Scott Gordon	https://www.ratemds.com/doctor-ratings/472936/Dr-Scott-Gordon-Evanston-IL.html/
Dr. RODNEY C. Curtis	https://www.ratemds.com/doctor-ratings/473001/Dr-RODNEY+C.-Curtis-Springfield-IL.html/
Dr. Daniel J. Luchins	https://www.ratemds.com/doctor-ratings/473848/Dr-Daniel+J.-Luchins-Chicago-IL.html/
Dr. Karen M. Kyle	https://www.ratemds.com/doctor-ratings/473895/Dr-Karen+M.-Kyle-Peoria-IL.html/
Dr. Mary E. Lake	https://www.ratemds.com/doctor-ratings/474354/Dr-Mary+E.-Lake-Chicago-IL.html/
Dr. Mark C. Walker	https://www.ratemds.com/doctor-ratings/474429/Dr-Mark+C.-Walker-Chicago-IL.html/
Dr. Lisa C. Yeh	https://www.ratemds.com/doctor-ratings/474468/Dr-Lisa+C.-Yeh-Chicago-IL.html/
Dr. Lee S. Schwartz	https://www.ratemds.com/doctor-ratings/474491/Dr-Lee+S.-Schwartz-CHICAGO-IL.html/
Dr. Sheldon S. Greenberg	https://www.ratemds.com/doctor-ratings/474613/Dr-Sheldon+S.-Greenberg-Chicago-IL.html/
Dr. Sydney T. Wright	https://www.ratemds.com/doctor-ratings/474672/Dr-Sydney+T.-Wright-SAN+FRANCISCO-CA.html/
Dr. Christine Bowers	https://www.ratemds.com/doctor-ratings/475364/Dr-Christine-Bowers-Peoria-IL.html/
Dr. Arun C. Pinto	https://www.ratemds.com/doctor-ratings/475412/Dr-Arun+C.-Pinto-Peoria-IL.html/
Dr. Jane Feldman	https://www.ratemds.com/doctor-ratings/475587/Dr-Jane-Feldman-Evanston-IL.html/
Dr. Pawel S. Dudek	https://www.ratemds.com/doctor-ratings/475600/Dr-Pawel+S.-Dudek-Chicago-IL.html/
Dr. ROBERT W. Marvin	https://www.ratemds.com/doctor-ratings/475661/Dr-ROBERT+W.-Marvin-Chicago-IL.html/
Dr. KATHLEEN M. Kelley	https://www.ratemds.com/doctor-ratings/475673/Dr-KATHLEEN+M.-Kelley-Chicago-IL.html/
Dr. Thomas S. Bartuska	https://www.ratemds.com/doctor-ratings/475702/Dr-Thomas+S.-Bartuska-Orland+Park-IL.html/
Dr. John V. Lim	https://www.ratemds.com/doctor-ratings/475804/Dr-John+V.-Lim-Berwyn-IL.html/
Dr. KATHLEEN M. McKenna	https://www.ratemds.com/doctor-ratings/475890/Dr-KATHLEEN+M.-McKenna-CHICAGO-IL.html/
Dr. Shahina H. Jafry	https://www.ratemds.com/doctor-ratings/476092/Dr-Shahina+H.-Jafry-Rockford-IL.html/
Mark Reinecke	https://www.ratemds.com/doctor-ratings/476450/Dr-Mark-Reinecke-Chicago-IL.html/
Dr. MICHAEL Naylor	https://www.ratemds.com/doctor-ratings/476894/Dr-MICHAEL-Naylor-Chicago-IL.html/
Dr. PHILIP D. Pan	https://www.ratemds.com/doctor-ratings/476930/Dr-PHILIP+D.-Pan-Springfield-IL.html/
Dr. Howard L. Herman	https://www.ratemds.com/doctor-ratings/477200/Dr-Howard+L.-Herman-Chicago-IL.html/
Dr. Ariel David	https://www.ratemds.com/doctor-ratings/477893/Dr-Ariel-David-CHICAGO-IL.html/
Dr. Ann Sarpy	https://www.ratemds.com/doctor-ratings/477897/Dr-Ann-Sarpy-Oak+Park-IL.html/
Dr. Margery R. Johnson	https://www.ratemds.com/doctor-ratings/477965/Dr-Margery+R.-Johnson-Chicago-IL.html/
Lynne H. Sheban	https://www.ratemds.com/doctor-ratings/478247/Dr-Lynne+H.-Sheban-Skokie-IL.html/
Dr. Lakshmi S. Boddapati	https://www.ratemds.com/doctor-ratings/478670/Dr-Lakshmi+S.-Boddapati-Joliet-IL.html/
Steven A. Meyers	https://www.ratemds.com/doctor-ratings/478713/Dr-Steven+A.-Meyers-Chicago-IL.html/
Dr. Dixon F. Spivy	https://www.ratemds.com/doctor-ratings/478863/Dr-Dixon+F.-Spivy-CHICAGO-IL.html/
Dr. MORTON M. Silverman	https://www.ratemds.com/doctor-ratings/479005/Dr-MORTON+M.-Silverman-Chicago-IL.html/
Dr. Howard L. Alt	https://www.ratemds.com/doctor-ratings/479079/Dr-Howard+L.-Alt-Chicago-IL.html/
Renee Marshel	https://www.ratemds.com/doctor-ratings/479097/Dr-Renee-Marshel-Chicago-IL.html/
Dr. Jack Rodriquez	https://www.ratemds.com/doctor-ratings/479134/Dr-Jack-Rodriquez-Rockford-IL.html/
Dr. HARVEY M. Freed	https://www.ratemds.com/doctor-ratings/479256/Dr-HARVEY+M.-Freed-CHICAGO-IL.html/
Dr. Paul A. Dobransky	https://www.ratemds.com/doctor-ratings/479508/Dr-Paul+A.-Dobransky-Chicago-IN.html/
Dr. Charlene Scott	https://www.ratemds.com/doctor-ratings/479521/Dr-Charlene-Scott-Naperville-IL.html/
Dr. Conchita G. Gavino	https://www.ratemds.com/doctor-ratings/479729/Dr-Conchita+G.-Gavino-Elgin-IL.html/
Dr. Neal R. Florence	https://www.ratemds.com/doctor-ratings/479877/Dr-Neal+R.-Florence-Chicago-IL.html/
Dr. Sharon Hirsch	https://www.ratemds.com/doctor-ratings/480016/Dr-Sharon-Hirsch-Chicago-IL.html/
Dr. Ronald Krasner	https://www.ratemds.com/doctor-ratings/480485/Dr-Ronald-Krasner-Chicago-IL.html/
Dr. CAROL S. DuBois	https://www.ratemds.com/doctor-ratings/480841/Dr-CAROL+S.-DuBois-Rockford-IL.html/
Dr. Mary Nunchuck	https://www.ratemds.com/doctor-ratings/507248/Dr-Mary-Nunchuck-Waukegan-IL.html/
Dr. Doug A. Monteith	https://www.ratemds.com/doctor-ratings/50987/Dr-Doug+A.-Monteith-Chicago-IL.html/
George Drelios	https://www.ratemds.com/doctor-ratings/50988/Dr-George-Drelios-Chicago-IL.html/
Dr. Fred Ovsiew	https://www.ratemds.com/doctor-ratings/5251/Dr-Fred-Ovsiew-Chicago-IL.html/
Dr. Robert E. Blaik	https://www.ratemds.com/doctor-ratings/529782/Dr-Robert+E.-Blaik-Chicago-IL.html/
Dr. Paul M. Jones	https://www.ratemds.com/doctor-ratings/575128/Dr-Paul+M.-Jones-Arlington-VA.html/
Dr. FE A. Velasco	https://www.ratemds.com/doctor-ratings/57805/Dr-FE+A.-Velasco-Schaumburg-IL.html/
Dr. Mohammad Javed	https://www.ratemds.com/doctor-ratings/628709/Dr-Mohammad-Javed-Chicago-IL.html/
Dr. Benjamin Stephan	https://www.ratemds.com/doctor-ratings/631606/Dr-Benjamin-Stephan-CHICAGO-IL.html/
Dr. Caryn L. Stoller	https://www.ratemds.com/doctor-ratings/631608/Dr-Caryn+L.-Stoller-Chicago-IL.html/
Dr. Charles Jaffe	https://www.ratemds.com/doctor-ratings/631643/Dr-Charles-Jaffe-Chicago-IL.html/
Dr. Jessica S. Weddle	https://www.ratemds.com/doctor-ratings/632042/Dr-Jessica+S.-Weddle-Chicago-IL.html/
Dr. Julia L. Yen	https://www.ratemds.com/doctor-ratings/73887/Dr-Julia+L.-Yen-Chicago-IL.html/
Dr. Jeffery Ivey	https://www.ratemds.com/doctor-ratings/76561/Dr-Jeffery-Ivey-Winkler-MB.html/
Dr. WILLIAM Egan	https://www.ratemds.com/doctor-ratings/795095/Dr-WILLIAM-Egan-Berwyn-IL.html/
Dr. Robert McCarthy	https://www.ratemds.com/doctor-ratings/822835/Dr-Robert-McCarthy-Chicago-IL.html/
Dr. Thomas W. Allen	https://www.ratemds.com/doctor-ratings/822837/Dr-Thomas+W.-Allen-Chicago-IL.html/
Dr. Kenneth G. Gilbert	https://www.ratemds.com/doctor-ratings/822838/Dr-Kenneth+G.-Gilbert-CHAMPAIGN-IL.html/
Dr. Victor M. Garza	https://www.ratemds.com/doctor-ratings/823146/Dr-Victor+M.-Garza-Chicago-IL.html/
Dr. Henry Seidenberg	https://www.ratemds.com/doctor-ratings/842721/Dr-Henry-Seidenberg-Chicago-IL.html/
Dr. Bernard Lifson	https://www.ratemds.com/doctor-ratings/844047/Dr-Bernard-Lifson-Skokie-IL.html/
Dr. Barbara S. Rocah	https://www.ratemds.com/doctor-ratings/844057/Dr-Barbara+S.-Rocah-Chicago-IL.html/
Dr. Joann Olsen	https://www.ratemds.com/doctor-ratings/846453/Dr-Joann-Olsen-Skokie-IL.html/
Dr. Eitan Schwarz	https://www.ratemds.com/doctor-ratings/846457/Dr-Eitan-Schwarz-Skokie-IL.html/
Dr. Karen P. Broquet	https://www.ratemds.com/doctor-ratings/846466/Dr-Karen+P.-Broquet-Springfield-IL.html/
Dr. David Goldman	https://www.ratemds.com/doctor-ratings/846473/Dr-David-Goldman-Springfield-IL.html/
Dr. Terry M. Killian	https://www.ratemds.com/doctor-ratings/846476/Dr-Terry+M.-Killian-Springfield-IL.html/
Dr. Chauncey C. Maher	https://www.ratemds.com/doctor-ratings/846479/Dr-Chauncey+C.-Maher-SPRINGFIELD-IL.html/
Dr. Jayanthi R. Sarma	https://www.ratemds.com/doctor-ratings/846488/Dr-Jayanthi+R.-Sarma-Springfield-IL.html/
Dr. Rodney Kingston	https://www.ratemds.com/doctor-ratings/846504/Dr-Rodney-Kingston-Decatur-IL.html/
Dr. Ralph Orland	https://www.ratemds.com/doctor-ratings/846513/Dr-Ralph-Orland-Wheaton-IL.html/
Dr. Rick Wolff	https://www.ratemds.com/doctor-ratings/846516/Dr-Rick-Wolff-Wheaton-IL.html/
Dr. Dan R. Wyma	https://www.ratemds.com/doctor-ratings/846517/Dr-Dan+R.-Wyma-Wheaton-IL.html/
Dr. John M. Moloney	https://www.ratemds.com/doctor-ratings/846589/Dr-John+M.-Moloney-Peoria-IL.html/
Dr. Rodrigo L. Farrales	https://www.ratemds.com/doctor-ratings/846605/Dr-Rodrigo+L.-Farrales-River+Forest-IL.html/
Dr. Ralph Menezes	https://www.ratemds.com/doctor-ratings/846608/Dr-Ralph-Menezes-Berwyn-IL.html/
Dr. Zaffar A. Rizvi	https://www.ratemds.com/doctor-ratings/846628/Dr-Zaffar+A.-Rizvi-Rockford-IL.html/
Dr. David J. Stinson	https://www.ratemds.com/doctor-ratings/846630/Dr-David+J.-Stinson-Rockford-IL.html/
Dr. Grace M. Thundiyil	https://www.ratemds.com/doctor-ratings/846631/Dr-Grace+M.-Thundiyil-Rockford-IL.html/
Dr. David B. Altman	https://www.ratemds.com/doctor-ratings/846644/Dr-David+B.-Altman-Skokie-IL.html/
Dr. Dorothea Degutis	https://www.ratemds.com/doctor-ratings/846650/Dr-Dorothea-Degutis-Skokie-IL.html/
Dr. Migdalia M. Sotir	https://www.ratemds.com/doctor-ratings/846688/Dr-Migdalia+M.-Sotir-Wheaton-IL.html/
Dr. Douglas R. Bey	https://www.ratemds.com/doctor-ratings/846694/Dr-Douglas+R.-Bey-Normal-IL.html/
Dr. Maxim Chasanov	https://www.ratemds.com/doctor-ratings/846707/Dr-Maxim-Chasanov-Arlington+Hts-IL.html/
Dr. Marion E. Page	https://www.ratemds.com/doctor-ratings/846752/Dr-Marion+E.-Page-Oak+Park-IL.html/
Dr. Adedapo B. Williams	https://www.ratemds.com/doctor-ratings/846763/Dr-Adedapo+B.-Williams-Oak+Park-IL.html/
Dr. Kourosh Dini	https://www.ratemds.com/doctor-ratings/846785/Dr-Kourosh-Dini-CHICAGO-IL.html/
Dr. Badr S. Javed	https://www.ratemds.com/doctor-ratings/846889/Dr-Badr+S.-Javed-Waukegan-IL.html/
Dr. Stephen F. Noronha	https://www.ratemds.com/doctor-ratings/846892/Dr-Stephen+F.-Noronha-Chicago-IL.html/
Dr. Robert W. Burton	https://www.ratemds.com/doctor-ratings/846897/Dr-Robert+W.-Burton-EVANSTON-IL.html/
Dr. Richard Eisenstein	https://www.ratemds.com/doctor-ratings/846902/Dr-Richard-Eisenstein-EVANSTON-IL.html/
Dr. Karl D. Lehman	https://www.ratemds.com/doctor-ratings/846911/Dr-Karl+D.-Lehman-Evanston-IL.html/
Dr. Arnold C. Samuels	https://www.ratemds.com/doctor-ratings/846917/Dr-Arnold+C.-Samuels-Evanston-IL.html/
Dr. Scott J. Sandage	https://www.ratemds.com/doctor-ratings/846918/Dr-Scott+J.-Sandage-Skokie-IL.html/
Dr. Amer Smajkic	https://www.ratemds.com/doctor-ratings/846979/Dr-Amer-Smajkic-Chicago-IL.html/
Dr. David S. Solomon	https://www.ratemds.com/doctor-ratings/846982/Dr-David+S.-Solomon-CHICAGO-IL.html/
Dr. David S. Spira	https://www.ratemds.com/doctor-ratings/846987/Dr-David+S.-Spira-Chicago-IL.html/
Dr. Emjay M. Tan	https://www.ratemds.com/doctor-ratings/846994/Dr-Emjay+M.-Tan-Chicago-IL.html/
Dr. Irving Tracer	https://www.ratemds.com/doctor-ratings/847003/Dr-Irving-Tracer-CHICAGO-IL.html/
Dr. Kristen U. Welch	https://www.ratemds.com/doctor-ratings/847023/Dr-Kristen+U.-Welch-Chicago-IL.html/
Dr. Brooks W. Wilkinson	https://www.ratemds.com/doctor-ratings/847030/Dr-Brooks+W.-Wilkinson-Chicago-IL.html/
Dr. Burgess C. Wilson	https://www.ratemds.com/doctor-ratings/847033/Dr-Burgess+C.-Wilson-Chicago-IL.html/
Dr. Karen S. Wiviott	https://www.ratemds.com/doctor-ratings/847036/Dr-Karen+S.-Wiviott-Chicago-IL.html/
Dr. Gary M. Mart	https://www.ratemds.com/doctor-ratings/847085/Dr-Gary+M.-Mart-Chicago-IL.html/
Dr. Jene'A Mcneal	https://www.ratemds.com/doctor-ratings/847091/Dr-Jene&apos;A-Mcneal-CHICAGO-IL.html/
Dr. Matthew R. Mills	https://www.ratemds.com/doctor-ratings/847098/Dr-Matthew+R.-Mills-CHICAGO-IL.html/
Dr. Helen Morrison	https://www.ratemds.com/doctor-ratings/847102/Dr-Helen-Morrison-Chicago-IL.html/
Dr. Joel Mostow	https://www.ratemds.com/doctor-ratings/847103/Dr-Joel-Mostow-Chicago-IL.html/
Dr. Peter D. Nierman	https://www.ratemds.com/doctor-ratings/847115/Dr-Peter+D.-Nierman-Chicago-IL.html/
Dr. Alexander E. Obolsky	https://www.ratemds.com/doctor-ratings/847118/Dr-Alexander+E.-Obolsky-Chicago-IL.html/
Dr. Susan Pearlson	https://www.ratemds.com/doctor-ratings/847127/Dr-Susan-Pearlson-Chicago-IL.html/
Dr. William Pieper	https://www.ratemds.com/doctor-ratings/847131/Dr-William-Pieper-CHICAGO-IL.html/
Dr. Brett C. Plyler	https://www.ratemds.com/doctor-ratings/847134/Dr-Brett+C.-Plyler-Chicago-IL.html/
Dr. David A. Powell	https://www.ratemds.com/doctor-ratings/847136/Dr-David+A.-Powell-CHICAGO-IL.html/
Dr. Traci E. Powell	https://www.ratemds.com/doctor-ratings/847137/Dr-Traci+E.-Powell-Chicago-IL.html/
Dr. Edwin V. Pratt	https://www.ratemds.com/doctor-ratings/847139/Dr-Edwin+V.-Pratt-Chicago-IL.html/
Dr. Sonya Rasminsky	https://www.ratemds.com/doctor-ratings/847145/Dr-Sonya-Rasminsky-Chicago-IL.html/
Dr. Jeffrey D. Roth	https://www.ratemds.com/doctor-ratings/847162/Dr-Jeffrey+D.-Roth-Chicago-IL.html/
Dr. Hector Sabelli	https://www.ratemds.com/doctor-ratings/847168/Dr-Hector-Sabelli-CHICAGO-IL.html/
Dr. Gloria Salas	https://www.ratemds.com/doctor-ratings/847171/Dr-Gloria-Salas-CHICAGO-IL.html/
Dr. Esperanza Y. Salinas	https://www.ratemds.com/doctor-ratings/847172/Dr-Esperanza+Y.-Salinas-Chicago-IL.html/
Dr. Leda Sanchez	https://www.ratemds.com/doctor-ratings/847173/Dr-Leda-Sanchez-Chicago-IL.html/
Dr. Joe N. Sangster	https://www.ratemds.com/doctor-ratings/847176/Dr-Joe+N.-Sangster-Chicago-IL.html/
Dr. Steven Schroeder	https://www.ratemds.com/doctor-ratings/847183/Dr-Steven-Schroeder-Chicago-IL.html/
Dr. Anne M. Seiden	https://www.ratemds.com/doctor-ratings/847184/Dr-Anne+M.-Seiden-Chicago-IL.html/
Dr. Arnold I. Goldberg	https://www.ratemds.com/doctor-ratings/847197/Dr-Arnold+I.-Goldberg-Chicago-IL.html/
Dr. COREY N. Goldstein	https://www.ratemds.com/doctor-ratings/847201/Dr-COREY+N.-Goldstein-Chicago-IL.html/
Roy Grinker	https://www.ratemds.com/doctor-ratings/847206/Dr-Roy-Grinker-Chicago-IL.html/
Dr. Paul C. Holinger	https://www.ratemds.com/doctor-ratings/847228/Dr-Paul+C.-Holinger-Chicago-IL.html/
Dr. Pouran Imani	https://www.ratemds.com/doctor-ratings/847230/Dr-Pouran-Imani-Chicago-IL.html/
Dr. Suma Jacob	https://www.ratemds.com/doctor-ratings/847235/Dr-Suma-Jacob-Chicago-IL.html/
Shannon K. Riley	https://www.ratemds.com/doctor-ratings/882686/Dr-Shannon+K.-Riley-Arlington+Heights-IL.html/
Eugene Isyanov	https://www.ratemds.com/doctor-ratings/888556/Dr-Eugene-Isyanov-Skokie-IL.html/
Lori Andrews	https://www.ratemds.com/doctor-ratings/93205/Dr-Lori-Andrews-Downers+Grove-IL.html/
COURTLAND B. Tisdale	https://www.ratemds.com/doctor-ratings/953340/Dr-COURTLAND+B.-Tisdale-CHICAGO-IL.html/
Dr. Scott McCormick	https://www.ratemds.com/doctor-ratings/955281/Dr-Scott-McCormick-Normal-IL.html/
Dr. Anthony B. D'Souza	https://www.ratemds.com/doctor-ratings/955498/Dr-Anthony+B.-D&apos;Souza-Rockford-IL.html/
Dr. David M. Lipkin	https://www.ratemds.com/doctor-ratings/959718/Dr-David+M.-Lipkin-Evanston-IL.html/
Aaron Weiner	https://www.ratemds.com/doctor-ratings/dr-aaron-weiner-chicago-il-us/
Alan Jaffe	https://www.ratemds.com/doctor-ratings/dr-alan-jaffe-lake-geneva-wi-us/
Dr. Alexander Obolsky	https://www.ratemds.com/doctor-ratings/dr-alexander-obolsky-chicago-il-us/
Alexandra Isaacs	https://www.ratemds.com/doctor-ratings/dr-alexandra-isaacs-chicago-il-us/
Amber Siler	https://www.ratemds.com/doctor-ratings/dr-amber-siler-skokie-il-us/
Dr. Amera Rahman	https://www.ratemds.com/doctor-ratings/dr-amera-rahman-chicago-il-us/
Dr. Anish Desai	https://www.ratemds.com/doctor-ratings/dr-anish-desai-chicago-il-us/
Dr. Anna Shangguan	https://www.ratemds.com/doctor-ratings/dr-anna-shangguan-chicago-il-us/
Annet Chernyhovsky	https://www.ratemds.com/doctor-ratings/dr-annet-chernyhovsky-chicago-il-us/
Annette Franzen	https://www.ratemds.com/doctor-ratings/dr-annette-franzen-downers-grove-il-us/
April Crawford	https://www.ratemds.com/doctor-ratings/dr-april-crawford-chicago-il-us/
Beverly Ransford	https://www.ratemds.com/doctor-ratings/dr-beverly-ransford-chicago-il-us/
Brittany Lakin-Starr	https://www.ratemds.com/doctor-ratings/dr-brittany-lakin-starr-chicago-il-us/
celeste ballard	https://www.ratemds.com/doctor-ratings/dr-celeste-ballard-chicago-il-us/
Dr. Dale Korinek	https://www.ratemds.com/doctor-ratings/dr-dale-korinek-springfield-il-us/
David Downing	https://www.ratemds.com/doctor-ratings/dr-david-downing-chicago-il-us/
David Le	https://www.ratemds.com/doctor-ratings/dr-david-le/
Dr. Debra Hamer	https://www.ratemds.com/doctor-ratings/dr-debra-hamer-chicago-il-us/
Diana Hinojosa	https://www.ratemds.com/doctor-ratings/dr-diana-hinojosa-chicago-il-us/
Donna Amstutz	https://www.ratemds.com/doctor-ratings/dr-donna-amstutz-wheaton-il-us/
Erin Raith Soruco	https://www.ratemds.com/doctor-ratings/dr-erin-raith-soruco-chicago-il-us/
Dr. Francis Keating	https://www.ratemds.com/doctor-ratings/dr-francis-keating-aurora-il-us/
Gabrielle Kaminsky	https://www.ratemds.com/doctor-ratings/dr-gabrielle-kaminsky-chicago-il-us/
Gerard Widmann	https://www.ratemds.com/doctor-ratings/dr-gerard-widmann-st-charles-il-us/
Gillian Tibbetts	https://www.ratemds.com/doctor-ratings/dr-gillian-tibbetts-chicago-il-us/
Hannah Yang	https://www.ratemds.com/doctor-ratings/dr-hannah-yang-chicago-il-us/
Jeanine Moreland	https://www.ratemds.com/doctor-ratings/dr-jeanine-moreland-chicago-il-us/
Jerry Porzemsky	https://www.ratemds.com/doctor-ratings/dr-jerry-porzemsky-chicago-il-us/
Jessica Adams	https://www.ratemds.com/doctor-ratings/dr-jessica-adams-chicago-il-us/
Dr. Jessica Stier	https://www.ratemds.com/doctor-ratings/dr-jessica-stier-rockford-il-us/
Dr. John Ernzen	https://www.ratemds.com/doctor-ratings/dr-john-ernzen-downers-grove-il-us/
Joseph Potaczek	https://www.ratemds.com/doctor-ratings/dr-joseph-potaczek-chicago-il-us/
Karen Jaffe	https://www.ratemds.com/doctor-ratings/dr-karen-jaffe-chicago-il-us/
Dr. Kim Dennis	https://www.ratemds.com/doctor-ratings/dr-kim-dennis-chicago-il-us/
Kristin Ridder	https://www.ratemds.com/doctor-ratings/dr-kristin-ridder-chicago-il-us/
Liana Gerdov	https://www.ratemds.com/doctor-ratings/dr-liana-gerdov-palatine-il-us/
Lydia Wardin	https://www.ratemds.com/doctor-ratings/dr-lydia-wardin-chicago-il-us/
Dr. Mani Pavuluri	https://www.ratemds.com/doctor-ratings/dr-mani-pavuluri-chicago-il-us/
Martha Stamper	https://www.ratemds.com/doctor-ratings/dr-martha-stamper-eland-wi-us/
Matthew King	https://www.ratemds.com/doctor-ratings/dr-matthew-king-chicago-il-us/
Michael Fields	https://www.ratemds.com/doctor-ratings/dr-michael-fields-chicago-il-us/
Michael Labib	https://www.ratemds.com/doctor-ratings/dr-michael-labib-chicago-il-us/
Michael Topel	https://www.ratemds.com/doctor-ratings/dr-michael-topel-skokie-il-us/
Dr. Mitchell Glazer	https://www.ratemds.com/doctor-ratings/dr-mitchell-glazer-chicago-il-us/
Nikki Falk	https://www.ratemds.com/doctor-ratings/dr-nikki-falk-chicago-il-us/
Dr. Norman Brodeur	https://www.ratemds.com/doctor-ratings/dr-norman-brodeur-downers-grove-il-us/
phillip hawk	https://www.ratemds.com/doctor-ratings/dr-phillip-hawk-orland-park-il-us/
Dr. Quintisha Walker	https://www.ratemds.com/doctor-ratings/dr-quintisha-walker-spillertown-il-us/
Rebecca Parry	https://www.ratemds.com/doctor-ratings/dr-rebecca-parry-chicago-il-us/
Dr. Rose Gomez, M.D.,D.F.A.P.A.	https://www.ratemds.com/doctor-ratings/dr-rose-gomez-mddfapa-chicago-il-us/
Roxy Zarrabi	https://www.ratemds.com/doctor-ratings/dr-roxy-zarrabi-chicago-il-us/
Dr. Sandra Swain	https://www.ratemds.com/doctor-ratings/dr-sandra-swain-tinley-park-il-us/
Scott Hoye	https://www.ratemds.com/doctor-ratings/dr-scott-hoye-chicago-il-us/
Sherrie All	https://www.ratemds.com/doctor-ratings/dr-sherrie-all-chicago-il-us/
Stacy Perkins, LCPC	https://www.ratemds.com/doctor-ratings/dr-stacy-perkins-lcpc-chicago-il-us/
Susan Bush	https://www.ratemds.com/doctor-ratings/dr-susan-bush-chicago-il-us/
Dr. Syed M. Irfan	https://www.ratemds.com/doctor-ratings/dr-syed-m-irfan-rockford-il-us/
Dr. Terry Hanusa	https://www.ratemds.com/doctor-ratings/dr-terry-hanusa-glenview-il-us/
Lina  Liu	https://www.ratemds.com/doctor-ratings/lina-liu-hoffman-estates-il-us/
Victor Leonard Bernstein	https://www.ratemds.com/doctor-ratings/victor-leonard-bernstein-walnut-creek-ca-us/
